id;Diretoria;Secretaria;Estado;Municipio;Bairro;Regiao;Responsavel_Fiscal;Setor_EMOP;Tipo;Objeto;Processo;Status;Empresa;Data_Inicio;Prazo_Projeto;Data_Fim;Valor;Valor_Liquidado;Percentual_Executado
;DIRIM;SECC;RIO DE JANEIRO;Bom Jesus do Itabapoana, Itaperuna, Italva, Lajes do Muriaé, Natividade, Porciúncula e Varre-Sai;DIVERSOS;Noroeste Fluminense;JULIO CESAR DE SOUZA PEREIRA ;1º DEPMAN - ITAPERUNA; MANUTENÇÃO PREVENTIVA E CORRETIVA PREDIAL;PRESTAÇÃO DE SERVIÇOS DE MANUTENÇÃO PREVENTIVA E CORRETIVA PREDIAL, COM ADEQUAÇÕES E MODERNIZAÇÕES, QUANDO NECESSÁRIO, DOS IMÓVEIS PRÓPRIOS DO GOVERNO DO ESTADO DO RIO DE JANEIRO - LOTE 1 - ITAPERUNA.;SEI-170002/000489/2022;EM EXECUÇÃO -  (RENOVADO);Souza Dutra Engenharia Ltda - Epp;18/02/2023;365 Dias;16/02/2025;R$ 47.868.294,75;R$ 23.484.765,56;49%
;DIRIM;SECC;RIO DE JANEIRO;"Miracema ; Aperibé ; Itaocara ; Santo Antônio de Pádua ; Bom Jesus do Itabapoana ; Italva ; Itaperuna ; Laje do Muriaé ; Miracema ; Natividade ; Porciúncula ; São José de Ubá ; Varre-Sai.";DIVERSOS;Noroeste Fluminense; NICOLAS RABELO AVILA;2º DEPMAN - MIRACEMA ; MANUTENÇÃO PREVENTIVA E CORRETIVA PREDIAL;PRESTAÇÃO DE SERVIÇOS DE MANUTENÇÃO PREVENTIVA E CORRETIVA PREDIAL, COM ADEQUAÇÕES E MODERNIZAÇÕES, QUANDO NECESSÁRIO, DOS IMÓVEIS PRÓPRIOS DO GOVERNO DO ESTADO DO RIO DE JANEIRO - LOTE 2 - MIRACEMA .;SEI-170002/000490/2022;EM EXECUÇÃO -  (RENOVADO);Souza Dutra Engenharia Ltda - Epp;22/02/2023;365 Dias;20/02/2025;R$ 52.319.952,30;R$ 20.670.249,15;39,51%
;DIRIM;SECC;RIO DE JANEIRO;"Cambuci ; Campos dos Goytacazes ; Carapebus ; Cardoso Moreira ; Conceição de Macabu ; Macaé ; Quissamã ; Rio das Ostras ; São Fidélis ; São Francisco de Itabapoana ; São João da Barra.";DIVERSOS;Norte Fluminense;MARCELA G. DAS S. A. PEREIRA;3º DEPMAN - CAMPOS DOS GOYTACAZES ; MANUTENÇÃO PREVENTIVA E CORRETIVA PREDIAL;PRESTAÇÃO DE SERVIÇOS DE MANUTENÇÃO PREVENTIVA E CORRETIVA PREDIAL, COM ADEQUAÇÕES E MODERNIZAÇÕES, QUANDO NECESSÁRIO, DOS IMÓVEIS PRÓPRIOS DO GOVERNO DO ESTADO DO RIO DE JANEIRO - LOTE 3 - CAMPOS DOS GOYTACAZES.;SEI-170002/000491/2022;EM EXECUÇÃO -  (RENOVADO);Souza Dutra Engenharia Ltda - Epp;22/02/2023;365 Dias;20/02/2025;R$ 103.282.514,68;R$ 36.105.886,62;34,96%
;DIRIM;SECC;RIO DE JANEIRO;Araruama, Armação de Búzios, Arraial do Cabo, Carapebus, Casimiro de Abreu, Conceição de Macabu, Iguaba Grande, Macaé, Quissamã, Rio das Ostras e São Pedro da Aldeia;DIVERSOS;Norte Fluminense;GUSTAVO CARVALHO PEREIRA;4º DEPMAN - MACAÉ ; MANUTENÇÃO PREVENTIVA E CORRETIVA PREDIAL;PRESTAÇÃO DE SERVIÇOS DE MANUTENÇÃO PREVENTIVA E CORRETIVA PREDIAL, COM ADEQUAÇÕES E MODERNIZAÇÕES, QUANDO NECESSÁRIO, DOS IMÓVEIS PRÓPRIOS DO GOVERNO DO ESTADO DO RIO DE JANEIRO - LOTE 4 - MACAÉ..;SEI-170002/000493/2022;EM EXECUÇÃO -  (RENOVADO); MPE ENGENHARIA E SERVICOS S/A;18/02/2023;365 Dias;16/02/2025;R$ 69.031.867,73;R$ 39.983.734,73;57,92%
;DIRIM;SECC;RIO DE JANEIRO;"Bom Jardim ; Cachoeiras de Macacu ; Cantagalo ; Carmo ; Casimiro de Abreu ; Cordeiro ; Duas Barras ; Macuco ; Nova Friburgo ; Santa Maria Madalena ; São Sebastião do Alto ; Silva Jardim ; Sumidouro ; Trajano de Morais.";DIVERSOS;Serrana;UELITON TADEU TEIXEIRA CAMPOS;5º DEPMAN - NOVA FRIBURGO ; MANUTENÇÃO PREVENTIVA E CORRETIVA PREDIAL;PRESTAÇÃO DE SERVIÇOS DE MANUTENÇÃO PREVENTIVA E CORRETIVA PREDIAL, COM ADEQUAÇÕES E MODERNIZAÇÕES, QUANDO NECESSÁRIO, DOS IMÓVEIS PRÓPRIOS DO GOVERNO DO ESTADO DO RIO DE JANEIRO - LOTE 5 - NOVA FRIBURGO.;SEI-170002/000494/2022;EM EXECUÇÃO -  (RENOVADO); MPE ENGENHARIA E SERVICOS S/A;19/02/2023;365 Dias;17/02/2025;R$ 91.910.453,98;R$ 59.414.413,02;64,64%
;DIRIM;SECC;RIO DE JANEIRO;Comendador Levy Gasparian, Miguel Pereira, Paraíba do Sul, Paty do Alferes, Petrópolis, São José do Vale do Rio Preto, Sapucaia, Teresópolis e Três Rios;DIVERSOS;Serrana; LEONEL DOMINGOS DA COSTA;6º DEPMAN - PETRÓPOLIS ; MANUTENÇÃO PREVENTIVA E CORRETIVA PREDIAL;PRESTAÇÃO DE SERVIÇOS DE MANUTENÇÃO PREVENTIVA E CORRETIVA PREDIAL, COM ADEQUAÇÕES E MODERNIZAÇÕES, QUANDO NECESSÁRIO, DOS IMÓVEIS PRÓPRIOS DO GOVERNO DO ESTADO DO RIO DE JANEIRO.- LOTE 6 - PETRÓPOLIS.;SEI-170002/000495/2022;EM EXECUÇÃO -  (RENOVADO); MPE ENGENHARIA E SERVICOS S/A;19/02/2023;365 Dias;17/02/2025;R$ 80.215.342,25;R$ 57.974.879,74;72,27%
;DIRIM;SECC;RIO DE JANEIRO;Barra do Piraí, Barra Mansa, Engenheiro Paulo de Frontim, Itatiaia, Mendes, Pinheiral e Pira;DIVERSOS;Médio Paraíba; MARCOS DE SOUZA SILVA;7º DEPMAN - VOLTA REDONDA ; MANUTENÇÃO PREVENTIVA E CORRETIVA PREDIAL;PRESTAÇÃO DE SERVIÇOS DE MANUTENÇÃO PREVENTIVA E CORRETIVA PREDIAL, COM ADEQUAÇÕES E MODERNIZAÇÕES, QUANDO NECESSÁRIO, DOS IMÓVEIS PRÓPRIOS DO GOVERNO DO ESTADO DO RIO DE JANEIRO - LOTE 7 - VOLTA REDONDA.;SEI-170002/000496/2022;EM EXECUÇÃO -  (RENOVADO);Scalle Construções, Reformas e Instalações Ltda;17/02/2023;365 Dias;15/02/2025;R$ 205.054.080,24;R$ 58.082.570,60;28,33%
;DIRIM;SECC;RIO DE JANEIRO;Belford Roxo, Duque de Caxias, Itaguaí, Japeri, Nilópolis, Nova Iguaçu, Paracambi, Mesquita, Queimados, São João de Meriti e Seropédica;DIVERSOS;Metropolitana;JAILSON DOS SANTOS PARANHOS;8º DEPMAN - NOVA IGUAÇU ; MANUTENÇÃO PREVENTIVA E CORRETIVA PREDIAL;PRESTAÇÃO DE SERVIÇOS DE MANUTENÇÃO PREVENTIVA E CORRETIVA PREDIAL, COM ADEQUAÇÕES E MODERNIZAÇÕES, QUANDO NECESSÁRIO, DOS IMÓVEIS PRÓPRIOS DO GOVERNO DO ESTADO DO RIO DE JANEIRO - LOTE 8 - NOVA IGUAÇU.;SEI-170002/000492/2022;EM EXECUÇÃO -  (RENOVADO);Souza Dutra Engenharia Ltda - Epp;17/02/2023;365 Dias;15/02/2025;R$ 235.822.115,70;R$ 114.121.205,40;48,39%
;DIRIM;SECC;RIO DE JANEIRO;Magé, Guapimirim, Itaboraí, Tanguá, São Gonçalo, Niterói, Maricá, Rio Bonito, Saquarema e Silva Jardim ;DIVERSOS;Metropolitana; NILSON PEREIRA LIMA;9º DEPMAN - NITERÓI ; MANUTENÇÃO PREVENTIVA E CORRETIVA PREDIAL;PRESTAÇÃO DE SERVIÇOS DE MANUTENÇÃO PREVENTIVA E CORRETIVA PREDIAL, COM ADEQUAÇÕES E MODERNIZAÇÕES, QUANDO NECESSÁRIO, DOS IMÓVEIS PRÓPRIOS DO GOVERNO DO ESTADO DO RIO DE JANEIRO - LOTE 9 - NITERÓI.     ;SEI-170002/000497/2022;EM EXECUÇÃO -  (RENOVADO);Scalle Construções, Reformas e Instalações Ltda;22/02/2023;365;10/02/2025;R$ 251.537.043,35;R$ 182.153.252,16;72,42%
;DIRIM;SECC;RIO DE JANEIRO;Angra dos Reis, Mangaratiba e Paraty – COSTA VERDE;DIVERSOS;COSTA VERDE;LUCAS BARCELOS DA SILVA ;10º DEPMAN - RIO DE JANEIRO ; MANUTENÇÃO PREVENTIVA E CORRETIVA PREDIAL;PRESTAÇÃO DE SERVIÇOS DE MANUTENÇÃO PREVENTIVA E CORRETIVA PREDIAL, COM ADEQUAÇÕES E MODERNIZAÇÕES, QUANDO NECESSÁRIO, DOS IMÓVEIS PRÓPRIOS DO GOVERNO DO ESTADO DO RIO DE JANEIRO - LOTE 10 - COSTA VERDE..;SEI-170002/000498/2022;EM EXECUÇÃO -  (RENOVADO);Scalle Construções, Reformas e Instalações Ltda;22/02/2023;365;20/02/2025;R$ 36.872.423,31;R$ 22.606.663,43;61,31%
;DIRIM;SECC;RIO DE JANEIRO;Rio de Janeiro  - Zona Central ;DIVERSOS;Metropolitana;LEVY MARQUES DA SILVA;10º DEPMAN - RIO DE JANEIRO ; MANUTENÇÃO PREVENTIVA E CORRETIVA PREDIAL;PRESTAÇÃO DE SERVIÇOS DE MANUTENÇÃO PREVENTIVA E CORRETIVA PREDIAL, COM ADEQUAÇÕES E MODERNIZAÇÕES, QUANDO NECESSÁRIO, DOS IMÓVEIS PRÓPRIOS DO GOVERNO DO ESTADO DO RIO DE JANEIRO -  LOTE 11 - RIO/CENTRAL..;SEI-170002/000499/2022;EM EXECUÇÃO -  (RENOVADO);Scalle Construções, Reformas e Instalações Ltda;19/02/2023;365 Dias;17/02/2025;R$ 293.095.725,75;R$ 152.278.383,51;1
;DIRIM;SECC;RIO DE JANEIRO;Rio de Janeiro - Zona Sul;DIVERSOS;Metropolitana; LUIZ ROBERTO MARTI DA SILVA;10º DEPMAN - RIO DE JANEIRO ; MANUTENÇÃO PREVENTIVA E CORRETIVA PREDIAL;PRESTAÇÃO DE SERVIÇOS DE MANUTENÇÃO PREVENTIVA E CORRETIVA PREDIAL, COM ADEQUAÇÕES E MODERNIZAÇÕES, QUANDO NECESSÁRIO, DOS IMÓVEIS PRÓPRIOS DO GOVERNO DO ESTADO DO RIO DE JANEIRO - - LOTE 12 - RIO/ZONA SUL.;SEI-170002/000500/2022;EM EXECUÇÃO -  (RENOVADO);Scalle Construções, Reformas e Instalações Ltda;22/02/2023;365 Dias;20/02/2025;R$ 190.991.613,66;R$ 115.804.784,74;61%
;DIRIM;SECC;RIO DE JANEIRO;Rio de Janeiro - Zona Norte;DIVERSOS;Metropolitana; LEANDRO DE JESUS LOPES DE SOUZA;10º DEPMAN - RIO DE JANEIRO ; MANUTENÇÃO PREVENTIVA E CORRETIVA PREDIAL;PRESTAÇÃO DE SERVIÇOS DE MANUTENÇÃO PREVENTIVA E CORRETIVA PREDIAL, COM ADEQUAÇÕES E MODERNIZAÇÕES, QUANDO NECESSÁRIO, DOS IMÓVEIS PRÓPRIOS DO GOVERNO DO ESTADO DO RIO DE JANEIRO - LOTE 13 - RIO/ZONA NORTE.;SEI-170002/000501/2022;EM EXECUÇÃO -  (RENOVADO);Scalle Construções, Reformas e Instalações Ltda;15/02/2023;365 Dias;16/02/2025;R$ 449.569.385,61;R$ 358.837.130,14;79,82%
;DIRIM;SECC;RIO DE JANEIRO;Rio de Janeiro - Zona Oeste;DIVERSOS;Metropolitana;RODRIGO GONÇALVES MATIAS;10º DEPMAN - RIO DE JANEIRO ; MANUTENÇÃO PREVENTIVA E CORRETIVA PREDIAL;PRESTAÇÃO DE SERVIÇOS DE MANUTENÇÃO PREVENTIVA E CORRETIVA PREDIAL, COM ADEQUAÇÕES E MODERNIZAÇÕES, QUANDO NECESSÁRIO, DOS IMÓVEIS PRÓPRIOS DO GOVERNO DO ESTADO DO RIO DE JANEIRO  - LOTE 14 - RIO/ZONA OESTE.;SEI-170002/000502/2022;EM EXECUÇÃO -  (RENOVADO);Scalle Construções, Reformas e Instalações Ltda;18/02/2023;365 Dias;18/02/2025;R$ 250.449.312,18;R$ 189.061.931,45;75,49%
;DIRIM;SEHIS;RIO DE JANEIRO;RIO DE JANEIRO;MANGUINHOS;Metropolitana;MICHEL LEVY MARQUES DA SILVA;10º DEPMAN - RIO DE JANEIRO ;REFORMA;SERVIÇOS DE REFORMA DO CONJUNTO HABITACIONAL CONDOMÍNIO EMBRATEL  NO COMPLEXO DE MANGUINHOS - RIO DE JANEIRO/RJ;SEI-170002/001149/2022;ENCERRADA;MANU QUALITY;18/07/2022;365 Dias;14/07/2023;R$ 19.910.169,71;R$ 19.854.473,63;99,72%
;DIRIM;SEPM;RIO DE JANEIRO;RIO DE JANEIRO; SÃO CRISTÓVÃO;Metropolitana;RODRIGO GONÇALVES MATIAS;10º DEPMAN - RIO DE JANEIRO ;REFORMA;CONTRATAÇÃO DE  EMPRESA ESPECIALIZADA PARA PRESTAÇÃO DE SERVIÇOS DE REFORMA GERAL, TELHADOS, FACHADAS,  ALOJAMENTOS E RANCHOS, DOS BATALHÕES: 4º BPM, RUA FRANCISCO EUGÊNIO, 228 – SÃO CRISTÓVÃO;SEI-170002/001737/2022;EM EXECUÇÃO;KROY ENGENHARIA;12/05/2023;365 Dias;12/07/2023;R$ 3.426.821,56;R$ 3.242.764,94;94,63%
;DIRIM;SEPM;RIO DE JANEIRO;RIO DE JANEIRO;ANDARAÍ;Metropolitana;MICHEL LEVY MARQUES DA SILVA;10º DEPMAN - RIO DE JANEIRO ;REFORMA;CONTRATAÇÃO DE  EMPRESA ESPECIALIZADA PARA PRESTAÇÃO DE SERVIÇOS DE REFORMA GERAL, TELHADOS, FACHADAS,  ALOJAMENTOS E RANCHOS, DOS BATALHÕES: 6º BPM, RUA BARÃO DE MESQUITA, 625 – ANDARAÍ;SEI-170002/001738/2022;EM EXECUÇÃO;KROY ENGENHARIA;20/07/2022;365 Dias;12/07/2023;R$ 2.914.854,36;R$ 2.454.256,14;84,20%
;DIRIM;SEPM;RIO DE JANEIRO;RIO DE JANEIRO;HONÓRIO GURGEL;Metropolitana;LUCAS BARCELOS DA SILVA ;10º DEPMAN - RIO DE JANEIRO ;REFORMA;CONTRATAÇÃO DE EMPRESA  ESPECIALIZADA PARA PRESTAÇÃO DE SERVIÇOS DE REFORMA GERAL, TELHADOS, FACHADAS, ALOJAMENTOS E  RANCHOS, DOS BATALHÕES: 9º BPM, RUA TACARATU, 94 – HONÓRIO GURGEL ;SEI-170002/001739/2022;EM EXECUÇÃO;KROY ENGENHARIA;20/07/2022;365 Dias;12/07/2023;R$ 2.796.767,26;R$ 2.514.456,68;89,91%
;DIRIM;SEPM;RIO DE JANEIRO;RIO DE JANEIRO;CIDADE NOVA;Metropolitana; LEANDRO DE JESUS LOPES DE SOUZA;10º DEPMAN - RIO DE JANEIRO ;REFORMA;CONTRATAÇÃO DE EMPRESA  ESPECIALIZADA PARA PRESTAÇÃO DE SERVIÇOS DE REFORMA GERAL, TELHADOS, FACHADAS, ALOJAMENTOS E  RANCHOS, DO BPCHQ, AV. SALVADOR DE SÁ, 02 - CIDADE NOVA;SEI-170002/002316/2022;EM EXECUÇÃO;VITAL MESTRES CONSTRUÇÕES E MANUTENÇÃO PREDIAL LTDA;01/09/2022;210 Dias;30/03/2023;R$ 9.351.758,32;R$ 2.996.909,01;32,05%
;DIRIM;SEIOP;RIO DE JANEIRO;RIO DE JANEIRO;SÃO CRISTÓVÃO;Metropolitana; IVAN AZEVEDO BARROSO;10º DEPMAN - RIO DE JANEIRO ;REFORMA;EXECUÇÃO DE INFRAESTRUTURA ELÉTRICA PARA ATENDER A  CLIMATIZAÇÃO, DA EMOP-RJ,   4º ANDAR, CONTEMPLANDO O FORNECIMENTO E INSTALAÇÃO DOS APARELHOS DE AR CONDICIONADOS;SEI-170002/003382/2021;ENCERRADA;INNOVA AIR;06/05/2022;175 Dias;28/10/2022;R$ 689.529,95;R$ 689.529,18;1
;DIRIM;SEHIS;RIO DE JANEIRO;RIO DE JANEIRO;LEBLON;Metropolitana;JAILSON DOS SANTOS PARANHOS;10º DEPMAN - RIO DE JANEIRO ;REFORMA;EXECUÇÃO DE SERVIÇOS DE REFORMA NO CONJUNTO HABITACIONAL CRUZADA SÃO SEBASTIÃO, LOCALIZADO À AV. BORGES DE MEDEIROS, 699 - LEBLON / RJ.;SEI-170002/003472/2021;ENCERRADA;VITAL MESTRES CONSTRUÇÕES E MANUTENÇÃO PREDIAL LTDA;09/03/2022;516 Dias;07/08/2023;R$ 5.760.332,11;R$ 5.489.495,22;95,30%
;DIRIM;SEHIS;RIO DE JANEIRO;RIO DE JANEIRO;MANGUINHOS;Metropolitana;RODRIGO GONÇALVES MATIAS;10º DEPMAN - RIO DE JANEIRO ;REFORMA; EXECUÇÃO DE SERVIÇOS DE REFORMA NO CONJUNTO HABITACIONAL CONDOMÍNIO DSUP NO COMPLEXO DE MANGUINHOS.              ;SEI-170002/001362/2022;ENCERRADA;MANU QUALITY; 09/08/2022;330 Dias;10/07/2023;R$ 17.638.343,02;R$ 16.761.096,29;95,03%
;DIRIM;SEHIS;RIO DE JANEIRO;RIO DE JANEIRO;IPANEMA / COPACABANA;Metropolitana;RODRIGO GONÇALVES MATIAS;10º DEPMAN - RIO DE JANEIRO ;REFORMA;REFORMA DO CONJUNTO HABITACIONAL PAVÃO PAVÃOZINHO E CANTAGALO;SEI-170002/001943/2022;ENCERRADA;VITAL MESTRES CONSTRUÇÕES E MANUTENÇÃO PREDIAL LTDA;24/11/2022;300 Dias;20/09/2023;R$ 8.429.512,11;R$ 8.350.414,73;99,06%
;DIRIM;SEPOL;RIO DE JANEIRO; Nova Iguaçu.;ALTO DA POSSE;Metropolitana;SILVANIA DO NASCIMENTO MOREIRA;8º DEPMAN - NOVA IGUAÇU ;REFORMA;REFORMA GERAL DA 58ª DELEGACIA DE POLÍCIA, LOCALIZADA NA AV. HENRIQUE DUQUE ESTRADA MEYER, Nº 149 - ALTO DA POSSE - MUNICÍPIO NOVA IGUAÇU.;SEI-170002/001128/2021;ENCERRADA;ARTHEO;01/09/2021;14 Meses;09/11/2022;R$ 446.000,00;R$ 445.999,58;1
;DIRIM;SEIOP;RIO DE JANEIRO;SÃO GONÇALO;COLUBANDE;Metropolitana;CAROLINE DE AZEVEDO COSTA;9º DEPMAN - NITERÓI ;REFORMA;CONTRATAÇÃO DE EMPRESA ESPECIALIZADA EM RESTAURO DE BENS TOMBADOS, PARA A EXECUÇÃO DA RESTAURAÇÃO DO CASARÃO E DA CAPELA DA FAZENDA COLUBANDÊ, LOCALIZADO NA AVENIDA AMARAL PEIXOTO S/N, KM 10,5, COLUBANDÊ, MUNICÍPIO DE SÃO GONÇALO/RJ;SEI-170002/001355/2022;EM EXECUÇÃO;KROY ENGENHARIA;19/09/2022;360 Dias;14/09/2023;R$ 11.546.434,90;R$ 10.765.680,48;93,24%
;DIRIM;SEHIS;RIO DE JANEIRO;RIO DE JANEIRO;GUADALUPE ;Metropolitana;RODRIGO GONÇALVES MATIAS;10º DEPMAN - RIO DE JANEIRO ;REFORMA;EXECUÇÃO DE SERVIÇOS DE REFORMA NO CONJUNTO HABITACIONAL GUADALUPE, LOCALIZADO ENTRE AS RUAS FERNANDO LOBO, 801 E RUA SR. DO BONFIM;SEI-170002/002107/2022;ENCERRADA;VITAL MESTRES CONSTRUÇÕES E MANUTENÇÃO PREDIAL LTDA;09/11/2022;240 Dias  ;07/07/2023;R$ 9.206.911,25;R$ 9.206.910,47;1
;DIRIM;SEHIS;RIO DE JANEIRO;NITEROI;PREVENTÓRIO ;Metropolitana;NILSON PEREIRA LIMA;9º DEPMAN - NITERÓI ;REFORMA;EXECUÇÃO DE SERVIÇOS DE REFORMA NO CONJUNTO HABITACIONAL DO PREVENTÓRIO, LOCALIZADO NA AVENIDA SLVIO PICANÇO, 232 - CHARITAS - NITEROI;SEI-170002/002108/2022;ENCERRADA;KROY ENGENHARIA;01/12/2022;180 Dias;31/05/2023;R$ 8.711.944,47;R$ 8.685.942,11;99,70%
;DIRIM;SEHIS;RIO DE JANEIRO;RIO DE JANEIRO;COSTA BARROS;Metropolitana;RODRIGO GONÇALVES MATIAS;10º DEPMAN - RIO DE JANEIRO ;REFORMA;EXECUÇÃO DE SERVIÇOS DE REFORMA NO CONJUNTO HABITACIONAL RECANTO DO CAMBOATÁ - ESTRADA DO CAMBOATÁ, 3953 - COSTA BARROS -RJ;SEI-170002/002109/2022;ENCERRADA;GHS Empreendimentos Imobiliários Ltda;09/11/2022;240;07/07/2023;R$ 6.635.219,50;R$ 1.407.189,51;21,21%
;DIRIM;SEHIS;RIO DE JANEIRO;SÃO JOÃO DE MERITI;COELHO DA ROCHA;Metropolitana;SILVANIA DO NASCIMENTO MOREIRA;8º DEPMAN - NOVA IGUAÇU ;REFORMA;REFORMA NO CONJUNTO HABITACIONAL DOS EUCALIPTOS, LOCALIZADO ENTRE AS RUAS FLORIANA, VHAIL PEREIRA E JOAQUIM GOMES ANDRADE, COELHO DA ROCHA, SÃO JOÃO DE MERITI - RJ;SEI-170002/002110/2022;ENCERRADA;FENIX CONSTRUTORA EIRELI;09/11/2022;180 Dias;08/05/2023;R$ 4.988.000,00;R$ 4.987.999,57;1
;DIRIM;SECC;RIO DE JANEIRO;RIO DE JANEIRO;IPANEMA   ;Metropolitana;EDILANE ROSE PEREIRA DE ALCANTARA SOUZA ;10º DEPMAN - RIO DE JANEIRO ;REFORMA;INSTALAÇÕES DE ELEVADORES PARA ACESSO À COMUNIDADE PAVÃO-PAVÃOZINHO/CANTAGALO, LOCALIZADO NA RUA ALBERTO DE CAMPOS, EM IPANEMA - MUNICÍPIO DO RIO DE JANEIRO.;SEI-170002/002506/2022;ENCERRADA;Elevadores Alpha Eireli;01/12/2022;180 Dias;16/10/2024;R$ 1.720.000,00;R$ 1.720.000,00;1
;DIRIM;SECC;RIO DE JANEIRO;RIO DE JANEIRO;IPANEMA / COPACABANA;Metropolitana;RODRIGO GONÇALVES MATIAS;10º DEPMAN - RIO DE JANEIRO ;REFORMA;RECUPERAÇÃO DE ESTRUTURA METÁLICA DO COMPLEXO RUBEM BRAGA QUE ABRIGA O ELEVADOR DE ACESSO DO MORRO DO CANTAGALO.;SEI-170002/002556/2022;CONTRATO EXPIRADO.; MPE ENGENHARIA E SERVICOS S/A;14/12/2022;180;11/04/2023;R$ 50.589.735,70;R$ 36.290.654,45;71,74%
;DIRIM;SECC;RIO DE JANEIRO;RIO DE JANEIRO;IPANEMA / COPACABANA;Metropolitana;EDILANE ROSE PEREIRA DE ALCANTARA SOUZA ;10º DEPMAN - RIO DE JANEIRO ;REFORMA;INSTALAÇÕES DE ELEVADORES PARA ACESSO À COMUNIDADE PAVÃO-PAVÃOZINHO/CANTAGALO, LOCALIZADO NA RUA ALBERTO DE CAMPOS, EM IPANEMA - MUNICÍPIO DO RIO DE JANEIRO.;SEI-170002/002509/2022;EM EXECUÇÃO, ANDAMENTO LENTO, AGUARDANDO EMISSÃO DE RECURSOS;Elevadores Alpha Eireli;01/12/2022;365 Dias;30/11/2023;R$ 2.390.000,00;R$ 1.724.659,64;72,16%
;DIRIM;SEM;RIO DE JANEIRO;SÃO JOÃO DE MERITI;VILA SÃO JOÃO;Metropolitana;SILVANIA DO NASCIMENTO MOREIRA;8º DEPMAN - NOVA IGUAÇU ;REFORMA;REFORMA E REFORÇO ESTRUTURAL DA FUNDAÇÃO NA CASA LAR ABRIGO DA MULHER;SEI-170002/000021/2022;ENCERRADA;Barra Nova Engenharia Ltda;25/04/2023;120 Dias;30/08/2023;R$ 322.896,73;R$ 322.895,29;1
;DIRIM;SEEDUC;RIO DE JANEIRO;VALENÇA;Centro;Sul Fluminense;RONALDO RIBEIRO VAZ;7º DEPMAN - VOLTA REDONDA ;REFORMA;Contratação de empresa especializada na elaboração de projeto executivo para execução dos serviços emergenciais e execução de obras de contenção e drenagem no imóvel localizado na Praça Visconde do Rio Preto, 401 - Centro, Valença - RJ;SEI-170002/000130/2023;EM EXECUÇÃO;GEOTER GEOTECNIA LTDA;11/05/2023;120 Dias;08/09/2023;R$ 7.868.530,46;R$ 5.129.302,22;65,19%
;DIRIM;SEIOP;RIO DE JANEIRO;ANGRA DOS REIS ;Centro;COSTA VERDE;LUIZ HENRIQUE FERREIRA BORGES ;10º DEPMAN - RIO DE JANEIRO ;REFORMA;Mansuaba - Contratação de projeto executivo e contenção de encosta a montante da Rua Francisco Cesário Alvin;SEI-170002/000364/2023;EM EXECUÇÃO;DRV Engenharia Ltda;16/05/2023;120 Dias;13/09/2023;R$ 29.133.542,20;R$ 25.190.722,03;86,47%
;DIRIM;SEPOL;RIO DE JANEIRO;RIO DE JANEIRO;Centro;Metropolitana;GERALDO LUIZ OLIVEIRA DO VALE;10º DEPMAN - RIO DE JANEIRO ;REFORMA;Reforma parcial da Delegacia Especial de Atendimento à Mulher - DEAM - CENTRO;SEI-170002/001023/2023;EM EXECUÇÃO;CONSTRUTORA ARK LTDA.;18/08/2023;270 Dias;14/05/2024;R$ 824.704,10;R$ 788.264,45;95,58%
;DIRIM;SEIOP;RIO DE JANEIRO;RIO DE JANEIRO;São Cristóvão;Metropolitana;IVAN AZEVEDO BARROSO;10º DEPMAN - RIO DE JANEIRO ;REFORMA;Readequação do Sistema Elétrico do Prédio Sede - EMOP;SEI-170002/001807/2023;EM EXECUÇÃO;Fenix Construtora LTDA.;04/08/2023;120 Dias;02/12/2023;R$ 2.088.500,00;R$ 1.693.841,06;73,14%
;DIRIM;SEPOL;RIO DE JANEIRO;NOVA IGUAÇU;Japeri;Metropolitana;ALEX FERREIRA P.GARCIA;8º DEPMAN - NOVA IGUAÇU ;REFORMA;Reforma com acrescimo da 63º DP;SEI-170002/0017382023;ENCERRADA;Construtora Ark LTDA.;26/07/2023;120 Dias;23/11/2023;R$ 1.118.167,59;R$ 1.118.167,45;1
;DIRIM;SEIOP;RIO DE JANEIRO;RIO DE JANEIRO;São Cristóvão;Metropolitana;MICHEL LEVY MARQUES DA SILVA;10º DEPMAN - RIO DE JANEIRO ;REFORMA;Reforma na Fachada da EMOP;SEI-170002/000147/2022;ENCERRADA;VITAL MESTRES CONSTRUÇÕES E MANUTENÇÃO PREDIAL LTDA;26/01/2023;360 Dias;#VALOR!;R$ 6.240.335,25;R$ 6.198.872,33;99,34%
;DIRIM;SEPM;RIO DE JANEIRO;RIO DE JANEIRO;Laranjeiras;Metropolitana;EDILANE ROSE PEREIRA DE ALCANTARA SOUZA ;10º DEPMAN - RIO DE JANEIRO ;Instalação;Projeto eletromecanicos para fabricação e instalação de elevadores para unidade do BOPE ;SEI-170002/001940/2023;EM EXECUÇÃO;Elevadores Alpha Eireli;05/10/2023;360 Dias;07/04/2025;R$ 1.168.000,00;R$ 877.973,90;75%
;DIRIM;SECEC;RIO DE JANEIRO;RIO DE JANEIRO; Centro;Metropolitana;EDILANE ROSE PEREIRA DE ALCANTARA SOUZA ;10º DEPMAN - RIO DE JANEIRO ;REFORMA;Teatro João Caetano;SEI-170002/002312/2023;ENCERRADA;Fenix Construtora Ltda;06/12/2023;360 Dias;#VALOR!;R$ 2.139.146,31;R$ 2.114.166,26;98,83%
;DIRIM;SEPM;RIO DE JANEIRO;RIO DE JANEIRO;Maré;Metropolitana;GERALDO LUIZ OLIVEIRA DO VALE;10º DEPMAN - RIO DE JANEIRO ;REFORMA;Reforma do 22º Batalhão de Polícia Militar - Maré;SEI-330030/000412/2023;ENCERRADA;Irmãos Haddad Construtora Ltda.;15/12/2023;270 Dias;#VALOR!;R$ 3.442.053,00;R$ 3.442.052,68;1
;DIRIM;SEPM;RIO DE JANEIRO;RIO DE JANEIRO;Ramos;Metropolitana;RODRIGO GONÇALVES MATIAS;10º DEPMAN - RIO DE JANEIRO ;REFORMA;Construção de Ginásio Esportivo com Arquibancada - COE;SEI-170002/002277/2023;EM EXECUÇÃO;Rio Tec Construções e Serviços Ltda;19/12/2023;270 Dias;14/09/2024;R$ 4.375.000,00;R$ 1.310.996,70;29,97%
;DIRIM;SECC;RIO DE JANEIRO;RIO DE JANEIRO;Itanhangá;Metropolitana;MICHEL LEVY MARQUES DA SILVA;10º DEPMAN - RIO DE JANEIRO ;REFORMA;Reforma da Arquibancada da Praça da Ivete;SEI-170002/001890/2023;ENCERRADA;KPG Construção Ltda;28/12/2023;120 Dias;05/05/2024;R$ 145.775,46;R$ 145.775,46;1
;DIRIM;SECC;RIO DE JANEIRO;RIO DE JANEIRO;Itanhangá;Metropolitana;RODRIGO GONÇALVES MATIAS;10º DEPMAN - RIO DE JANEIRO ;REFORMA;Reforma dos Equipamentos da Praça do Gaúcho;SEI-170002/001891/2023;ENCERRADA;KPG Construção Ltda;18/12/2023;120 Dias;16/04/2024;R$ 138.000,00;R$ 184.977,16;100,00%
;DIRIM;SECC;RIO DE JANEIRO;RIO DE JANEIRO;Jacarezinho;Metropolitana;RODRIGO GONÇALVES MATIAS;10º DEPMAN - RIO DE JANEIRO ;REFORMA;Revitalização do Espaço 15 de Agosto;SEI-170002/002348/2023;ENCERRADA;KPG Construção Ltda;18/12/2023;120 Dias;16/04/2024;R$ 201.309,02;R$ 201.308,78;1
;DIRIM;SECC;RIO DE JANEIRO;RIO DE JANEIRO;Itanhangá;Metropolitana;GERALDO LUIZ OLIVEIRA DO VALE;10º DEPMAN - RIO DE JANEIRO ;REFORMA;Reformados Equipamentos da Praça da Floresta;SEI-170002/001892/2023;ENCERRADA;KPG Construção Ltda;27/12/2023;120 Dias;25/04/2024;R$ 190.462,58;R$ 190.462,58;1
;DIRIM;SEIOP;RIO DE JANEIRO;RIO DE JANEIRO;São Cristóvão;Metropolitana;GERALDO LUIZ OLIVEIRA DO VALE;10º DEPMAN - RIO DE JANEIRO ;REFORMA;Reforma dos Elevadores EMOP - Prédio Sede;170002/000266/2023;EM EXECUÇÃO;Elevadores Alpha Eireli;20/12/2023;330;03/12/2024;R$ 2.088.499,99;R$ 594.999,95;0
;DIRIM;SECEC;RIO DE JANEIRO;RIO DE JANEIRO;Copacabana;Metropolitana;LEANDRO DE JESUS LOPES DE SOUZA;10º DEPMAN - RIO DE JANEIRO ;REFORMA;Reforma Geral do Teatro Glaucio Gil;330030/000480/2023;EM EXECUÇÃO;Fenix Construtora LTDA.;20/02/2024;330 Dias;15/01/2025;R$ 2.656.480,76;R$ 2.609.764,65;98,24%
;DIRIM;SECEC;RIO DE JANEIRO;RIO DE JANEIRO;Centro;Metropolitana;LUCAS BARCELOS DA SILVA ;10º DEPMAN - RIO DE JANEIRO ;REFORMA;Reforma das Instalações Elétricas Villa Lobos;170002/002309/2023;EM EXECUÇÃO;FB Chaves Construções Ltda;11/03/2024;240 Dias  ;06/11/2024;R$ 772.734,39;R$ 587.949,92;1
;DIRIM;SECEC;RIO DE JANEIRO;NITEROI;Ingá;Metropolitana; NILSON PEREIRA LIMA;9º DEPMAN - NITERÓI ;REFORMA;Reforma das Instalações do Museu do Ingá;330030/000359/2023 ;EM EXECUÇÃO;FB Chaves Construções Ltda;15/05/2024;330 Dias;10/04/2025;R$ 1.126.889,29;R$ 1.025.099,37;90,97%
;DIRIM;SECC;RIO DE JANEIRO;RIO DE JANEIRO;Copacabana;Metropolitana;LEANDRO DE JESUS LOPES DE SOUZA ;10º DEPMAN - RIO DE JANEIRO ;REFORMA;OBRAS DE REFORMA DA PRAÇA ESCADÃO, LOCALIZADA NA RUA ARI BARROSO, S/Nº, COMUNIDADE PAVÃO/PAVÃOZINHO - COPACABANA - RIO DE JANEIRO.;170002/001894/2023;EM EXECUÇÃO; CALT CONSTRUCOES E REFORMAS LTDA;01/04/2024;270 Dias;27/12/2024;R$ 349.711,39;R$ 343.798,43;98,31%
;DIRIM;SEM;RIO DE JANEIRO;RIO DE JANEIRO;Cebtro;Metropolitana;LUCAS BARCELOS DA SILVA ;10º DEPMAN - RIO DE JANEIRO ;REFORMA;Execução dos serviços de Reforma do prédio do Conselho Estadual dos Direitos da Mulher – CEDIM;330003/000807/2024;EM EXECUÇÃO;FB Chaves Construções Ltda;04/07/2024;510 Dias;26/11/2025;R$ 6.100.894,90;R$ 5.763.271,36;94,47%
;DIRIM;SEIOP;RIO DE JANEIRO;RIO DE JANEIRO;Cebtro;Metropolitana;MICHEL LEVY MARQUES DA SILVA;10º DEPMAN - RIO DE JANEIRO ;REFORMA;Reparos no telhado da Santa Casa de Misericórdia do Rio de Janeiro.; 330003/000428/2024;ENCERRADA;BARRA NOVA ENGENHARIA LTDA;08/07/2024;330 Dias;08/06/2025;R$ 2.475.597,00;R$ 2.475.597,00;1
;DIRIM;RIOPREVIDÊNCIA;RIO DE JANEIRO;RIO DE JANEIRO;Cebtro;Metropolitana;EDILANE ROSE PEREIRA DE ALCANTARA SOUZA ;10º DEPMAN - RIO DE JANEIRO ;REFORMA;Contratação de empresa especializada no ramo de Engenharia para a execução dos serviços de modernização e atualização tecnológica para os 05 (cinco) elevadores do prédio sede do RIOPREVIDENCIA;330003/000752/2024;ENCERRADA;Elevator Manut e Construção de Elevadores Ltda;05/07/2024;330 Dias;31/05/2025;R$ 2.748.140,00;R$ 2.748.139,93;1
;DIRIM;SEDSODH;RIO DE JANEIRO;RIO DE JANEIRO;Cebtro;Metropolitana;SILVANIA DO NASCIMENTO MOREIRA;8º DEPMAN - NOVA IGUAÇU ;REFORMA;Reforma no NAC – Nova Iguaçú/RJ;330003/000722/2024;ENCERRADA;ANRX Engenharia e Soluções Ltda;22/07/2024;270 Dias;18/11/2025;R$ 2.057.726,85;R$ 2.057.726,85;1
;DIRIM;GSI;RIO DE JANEIRO;RIO DE JANEIRO;Cebtro;Metropolitana;LEANDRO DE JESUS LOPES DE SOUZA;10º DEPMAN - RIO DE JANEIRO ;REFORMA;Revitalização e modernização da Sala Vip e recepção do Diretoria Geral de Operação Aereas – DGOA;330003/000769/2024;EM EXECUÇÃO;FÊNIX CONSTRUTORA LTDA;05/07/2024;270 Dias;05/04/2025;R$ 595.000,00;R$ 517.938,92;87,05%
;DIRIM;SETRAB;RIO DE JANEIRO;RIO DE JANEIRO;Cebtro;Metropolitana;LUCAS BARCELOS DA SILVA ;10º DEPMAN - RIO DE JANEIRO ;REFORMA;Contratação de empresa especializada no ramo de Engenharia para a execução dos serviços de reforma e adequação do 2º pavimento do Edifício Estácio de Sá: Av. Erasmo Braga, 118, 2º andar – Centro/RJ. SETRAB;330003/000869/2024;ENCERRADA;FÊNIX CONSTRUTORA LTDA;22/07/2024;330 Dias;17/06/2025;R$ 1.825.415,05;R$ 1.824.882,76;99,97%
;DIRIM;SEPM;RIO DE JANEIRO;RIO DE JANEIRO;Leblon;Metropolitana;MICHEL LEVY MARQUES DA SILVA;10º DEPMAN - RIO DE JANEIRO ;REFORMA;EXECUÇÃO DOS SERVIÇOS DE REFORMAS E ADEQUAÇÕES NO 3º PAVIMENTO – PRÉDIO VIVA RIO – BATALHÃO DA PMERJ - LOCALIZADO À RUA ALBERTO DE CAMPOS N° 12 - IPANEMA, RJ, CONFORME CONDIÇÕES, QUANTIDADES E EXIGÊNCIAS ESTABELECIDAS NESTE INSTRUMENTO E SEUS ANEXOS;330003/001047/2024;EM EXECUÇÃO;KROY SERVIÇOS LTDA;02/08/2024;330 Dias;03/09/2025;R$ 8.539.260,15;R$ 8.488.279,67;99,40%
;DIRIM;SEDSODH;RIO DE JANEIRO;RIO DE JANEIRO;Ipanema;Metropolitana;GERALDO LUIZ OLIVEIRA DO VALE;10º DEPMAN - RIO DE JANEIRO ;REFORMA;EXECUÇÃO DOS SERVIÇOS DE REFORMA PARA IMPLANTAÇÃO DE RESTAURANTE VIVA RIO (PPG RESTAURANTE ESCOLA FAETEC), LOCALIZADO À RUA ALBERTO DE CAMPOS N° 12 - IPANEMA, RJ, CONFORME CONDIÇÕES, QUANTIDADES E EXIGÊNCIAS ESTABELECIDAS NESTE INSTRUMENTO E SEUS ANEXOS;330003/001048/2024;ENCERRADA;FÊNIX CONSTRUTORA LTDA;05/08/2024;270 Dias;02/05/2025;R$ 1.529.000,00;R$ 1.528.999,52;1
;DIRIM;SEDSODH;RIO DE JANEIRO;RIO DE JANEIRO;Cidade de Deus;Metropolitana;RODRIGO GONÇALVES MATIAS;10º DEPMAN - RIO DE JANEIRO ;REFORMA;Reforma do Centro Social Gabinal Margarida;330030/000341/2023;SUSPENSO POR 90 DIAS (91564636);S.O.S Works Soluções e Reformas Ltda;05/08/2024;330 Dias;30/06/2025;R$ 1.106.000,00;R$ 961.570,66;86,94%
;DIRIM;SEHIS;RIO DE JANEIRO;RIO DE JANEIRO;GUADALUPE ;Metropolitana;RODRIGO GONÇALVES MATIAS;10º DEPMAN - RIO DE JANEIRO ;REFORMA;Serviços de Reforma no Conjunto Habitacional Guanabara, localizado no bairro de Gadalupe/RJ;170002/002106/2022;EM EXECUÇÃO;GHS Empreendimentos Imobiliários Ltda;10/09/2024;11 Meses;11/07/2025;R$ 13.015.158,03;R$ 11.577.714,34;88,96%
;DIRIM;SECC;RIO DE JANEIRO;RIO DE JANEIRO;CENTRO;Metropolitana;GERALDO LUIZ OLIVEIRA DO VALE;10º DEPMAN - RIO DE JANEIRO ;REFORMA;Execução de Serviços de Engenharia visando Reforma Geral do Prédio localizado na Rua Buenos Aires, 309 - Centro /RJ;330003/000635/2024;ENCERRADA;COMERCIAL DE EQUIPAMENTOS CNL DE SAO GON;02/09/2024;270 Dias;30/12/2024;R$ 2.448.468,67;R$ 2.448.405,80;100%
;DIRIM;SUDERJ;RIO DE JANEIRO;RIO DE JANEIRO;TIJUCA;Metropolitana;MICHEL LEVY MARQUES DA SILVA;10º DEPMAN - RIO DE JANEIRO ;REFORMA;Serviços de Reforma da Vila Olímpica do Salgueiro - Tijuca/RJ;330003/001162/2024;EM EXECUÇÃO;FÊNIX CONSTRUTORA LTDA;02/09/2024;300 Dias;26/08/2025;R$ 2.666.881,00;R$ 2.463.267,40;92,37%
;DIRIM;SECEC;RIO DE JANEIRO;RIO DE JANEIRO;RAMOS;Metropolitana;RODRIGO GONÇALVES MATIAS;10º DEPMAN - RIO DE JANEIRO ;REFORMA;Execução dos Serviços de Reforma e Ampliação da Paróquia São José, localizada à Rua São José, Nº 25, Ramos, no município do Rio de Janeiro;330003/001050/2024;SUSPENSO POR 90 DIAS (91474660);FÊNIX CONSTRUTORA LTDA;20/08/2024;390 Dias;26/09/2025;R$ 884.000,00;R$ 491.324,11;55,58%
;DIRIM;SUDERJ;RIO DE JANEIRO;RIO DE JANEIRO;ROCINHA;Metropolitana;MICHEL LEVY MARQUES DA SILVA;10º DEPMAN - RIO DE JANEIRO ;REFORMA;Serviços de Engenharia no Complexo da Rocinha;SEI-330003/001206/2024;ENCERRADA;FB Chaves Construções Ltda;21/08/2024;270 Dias;18/05/2025;R$ 426.000,00;R$ 425.999,97;1
;DIRIM;SECC;RIO DE JANEIRO;RIO DE JANEIRO;Leblon;Metropolitana;MICHEL LEVY MARQUES DA SILVA;10º DEPMAN - RIO DE JANEIRO ;REFORMA;Contratação de Empresa Especializada em Engenharia, para a execução dos serviços de reforma da portaria da ONG – VIVA RIO, localizado à Rua Alberto de Campos, 12 – Ipanema/RJ;330003/001046/2024;SUSPENSO POR 90 DIAS (91490884);CELULA ENGENHARIA LTDA;07/08/2024;210 Dias;04/03/2025;R$ 415.445,50;R$ 410.977,41;1
;DIRIM;ALERJ;RIO DE JANEIRO;SÃO GONÇALO;BOAÇU;Metropolitana;UELITON TADEU TEIXEIRA CAMPOS;9º DEPMAN - NITERÓI ;REFORMA;Estabilização de Talude a montante da Paroquia Nossa Senhora do Pilar;330003/001567/2024;EM EXECUÇÃO;COMERCIAL DE EQUIPAMENTOS CNL DE SAO GON;01/10/2024;330 Dias;27/09/2025;R$ 4.679.006,52;R$ 4.505.569,30;96,29%
;DIRIM;DEGASE;RIO DE JANEIRO;RIO DE JANEIRO;RIACHUELO;Metropolitana;LUCAS BARCELOS DA SILVA ;10º DEPMAN - RIO DE JANEIRO ;REFORMA;REFORMA E ADAPTAÇÃO DE IMÓVEL RESIDENCIAL PARA INSTALAÇÃO DA NOVA UNIDADE RIACHUELO, VINCULADA AO DEPARTAMENTO GERAL DE ACÕES SOCIOEDUCATIVAS - DEGASE ;330003/001242/2024;EM EXECUÇÃO;KPG Construção Ltda;10/10/2024;330 Dias;05/09/2025;R$ 896.000,00;R$ 157.414,09;17,57%
;DIRIM;DEGASE;RIO DE JANEIRO;SÃO GONÇALO;BARRO VERMELHO;Metropolitana;NILSON PEREIRA LIMA;9º DEPMAN - NITERÓI ;REFORMA;Reforma e adaptação de residência para implantação da Nova Unidade São Gonçalo - DEGASE ;330003/001648/2024;EM EXECUÇÃO;K8.COM ENGENHARIA E SERVIÇOS LTDA;02/10/2024;210 Dias;30/04/2025;R$ 783.950,00;R$ 629.382,14;80,28%
;DIRIM;SECC;RIO DE JANEIRO;RIO DE JANEIRO;Leblon;Metropolitana;EDILANE ROSE PEREIRA DE ALCANTARA SOUZA ;10º DEPMAN - RIO DE JANEIRO ;REFORMA;Reforma da Subestação de Energia Viva Rio ;330003/001439/2024;EM EXECUÇÃO;MASTER COM. E SERV;15/10/2024;270 Dias;12/07/2025;R$ 1.946.808,00;R$ 1.853.649,23;95,21%
;DIRIM;DEGASE;RIO DE JANEIRO;RIO DE JANEIRO;Bangu;Metropolitana;ROSIENE DA SILVA DE SOUSA ;10º DEPMAN - RIO DE JANEIRO ;REFORMA;Execução de obras de reforma reforma com acréscimo para transformação do Centro de Recursos Integrados de Atendimento ao Adolescente - CRIAAD em Centro de Socioeducação - CENSE BANGU ;330003/000746/2024;EM EXECUÇÃO;VITAL MESTRES CONSTRUÇÕES E MANUTENÇÃO PREDIAL LTDA;30/09/2024;450 Dias;24/12/2025;R$ 13.882.722,52;R$ 11.997.974,94;86,42%
;DIRIM;SEPOL;RIO DE JANEIRO;RIO DE JANEIRO;Gávea;Metropolitana;LEANDRO DE JESUS LOPES DE SOUZA;10º DEPMAN - RIO DE JANEIRO ;REFORMA;Execução de reforma geral na edificação que abriga a 15ª Delegacia de Polícia, localizada à Rua Major Rubens Vaz, nº 170, Gávea, Município do Rio de Janeiro-RJ;330003/001151/2024;EM EXECUÇÃO;TECNOCOM EMPREENDIMENTOS E COM LTDA;27/09/2024;270 Dias;24/06/2025;R$ 1.172.100,00;R$ 1.170.262,42;1
;DIRIM;SECC;RIO DE JANEIRO;RIO DE JANEIRO;Leblon;Metropolitana;ROSIENE DA SILVA DE SOUSA ;10º DEPMAN - RIO DE JANEIRO ;REFORMA;Contratação de empresa especializada no ramo de engenharia, para a execução dos serviços de Reforma com adequação de layout para implantação do Museu de Favelas do Rio de Janeiro - MUF no 4º andar do PRÉDIO VIVA RIO localizado à Rua Alberto de Campos n° 12 - Ipanema, RJ;330003/001459/2024;EM EXECUÇÃO;LUCENTE ENGENHARIA LTDA;06/11/2024;510 Dias;06/11/2025;R$ 1.768.000,00;R$ 1.656.249,63;93,68%
;DIRIM;SEDSODH;RIO DE JANEIRO;RIO DE JANEIRO;MANGUINHOS;Metropolitana;LUCAS BARCELOS DA SILVA ;10º DEPMAN - RIO DE JANEIRO ;REFORMA;Reforma de manutenção e melhorias com alteração de layout do Núcleo de Atendimento ao Cidadão - NAC, localizado na Avenida Leopoldo Bulhões n° 952 - comunidade de Manguinhos- Rio de Janeiro - RJ.;330030/000456/2023;EM EXECUÇÃO; SMART FUTURE CONSTRUTORA LTDA ;03/09/2024;300 Dias;29/08/2025;R$ 869.050,00;R$ 465.995,99;53,62%
;DIRIM;SUDERJ;RIO DE JANEIRO;RIO DE JANEIRO;VILA ISABEL;Metropolitana;ROSIENE DA SILVA DE SOUSA ;10º DEPMAN - RIO DE JANEIRO ;REFORMA;Instalação da Sede Administrativa da Superintendência de Desportos do Estado do Rio de Janeiro - SUDERJ, localizado na Rua Maxwell, nº 05, Vila Isabel ;330003/001383/2024;EM EXECUÇÃO;VIX CONSTRUTORA LTDA;26/09/2024;300 Dias;23/07/2025;R$ 1.740.000,00;R$ 1.542.577,98;88,65%
;DIRIM;RIOPREVIDÊNCIA;RIO DE JANEIRO;RIO DE JANEIRO;CENTRO;Metropolitana;MICHEL LEVY MARQUES DA SILVA;10º DEPMAN - RIO DE JANEIRO ;REFORMA;Instalação de aparalixo e demolição das unidades construídas irregularmente. no imóvel próprio estadual localizado na Rua Regente Feijó, nº 55, Centro, Rio de Janeiro-RJ;330003/000700/2024;ENCERRADA;KPG Construção Ltda;02/10/2024;210 Dias;07/05/2025;R$ 124.999,97;R$ 124.999,97;1
;DIRIM;SEDSODH;RIO DE JANEIRO;RIO DE JANEIRO;CENTRO;Metropolitana;GERALDO LUIZ OLIVEIRA DO VALE;10º DEPMAN - RIO DE JANEIRO ;REFORMA;Reparos e alterações estruturais, para a Unidade: Centro Social São Carlos ;330003/001771/2024;EM EXECUÇÃO;Líder Construções e Serviços Ltda;14/10/2024;330 Dias;09/05/2025;R$ 1.164.998,35;R$ 994.181,35;85,34%
;DIRIM;SETUR;RIO DE JANEIRO;RIO DE JANEIRO;CENTRO;Metropolitana;LUIZ HENRIQUE FERREIRA BORGES ;10º DEPMAN - RIO DE JANEIRO ;REFORMA;Reforma e Restauração na Catedral Metropolitana de São Sebastião do Rio de Janeiro;330030/000564/2023;EM EXECUÇÃO;SD ENGENHARIA;21/11/2024;870 Dias;10/04/2027;R$ 68.868.287,77;R$ 13.946.741,29;20,25%
;DIRIM;SETUR;RIO DE JANEIRO;RIO DE JANEIRO;São João de Meriti;Metropolitana;SILVANIA DO NASCIMENTO MOREIRA;8º DEPMAN - NOVA IGUAÇU ;REFORMA;"Modificação e acréscimo, inclusive remoção e replantio da ""Árvore Sagrada"" no Terreiro de Candomblé Ilê Asé Opó Afonjá ";330003/001093/2024;EM EXECUÇÃO;KROY SERVIÇOS LTDA;10/12/2024;180 Dias;07/06/2025;R$ 633.000,00;R$ 309.857,48;48,95%
;DIRIM;SEEDUC;RIO DE JANEIRO;RIO DE JANEIRO;VALENÇA;Metropolitana;RONALDO RIBEIRO VAZ;7º DEPMAN - VOLTA REDONDA ;REFORMA;Construção do Sistema de Contenção de Parte do Terreno do CE Doutor Oswaldo Terra ;330003/002426/2024;ENCERRADA;KROY SERVIÇOS LTDA;26/11/2024;180 Dias;25/05/2025;R$ 2.182.275,73;R$ 2.167.001,25;99,30%
;DIRIM;SEHIS;RIO DE JANEIRO;RIO DE JANEIRO;RIO DE JANEIRO;Metropolitana;MICHEL LEVY MARQUES DA SILVA;10º DEPMAN - RIO DE JANEIRO ;REFORMA;Reforma do conjunto Habitacional Cidade de Deus II;330003/002381/2024;EM EXECUÇÃO;DIMENSIONAL ENGENHARIA ;22/11/2024;11 MESES;22/10/2025;R$ 11.388.888,88;R$ 3.116.851,25;27,37%
;DIRIM;SEPOL;RIO DE JANEIRO;RIO DE JANEIRO;MACAÉ;Metropolitana; LINCOLN EDUARDO DE OLIVEIRA;4º DEPMAN - MACAÉ ;REFORMA;Reforma np PRPTC – Macaé;170002/002353/2024;SUSPENSO POR 90 DIAS (91845204);PROJEÇÃO CONSTR EMPR SERV LTDA;10/10/2024;330 Dias;24/12/2025;R$ 2.820.000,00;R$ 1.476.451,20;52,36%
;DIRIM;SEDSODH;RIO DE JANEIRO;RIO DE JANEIRO;CENTRO;Metropolitana;MICHEL LEVY MARQUES DA SILVA;10º DEPMAN - RIO DE JANEIRO ;REFORMA;Reforma no Hotel do Povo (Edifício Pedro II – Central do Brasil);330003/002482/2024;EM EXECUÇÃO;GHS Empreendimentos Imobiliários Ltda;16/12/2024;450 Dias;11/03/2026;R$ 21.545.000,00;R$ 12.872.363,99;59,75%
;DIRIM;RIOPREVIDÊNCIA;RIO DE JANEIRO;RIO DE JANEIRO;CENTRO;Metropolitana;LUCAS BARCELOS DA SILVA ;10º DEPMAN - RIO DE JANEIRO ;REFORMA;Reforma no Prédio Sede RIOPREVIDÊNCIA;330003/001714/2024;EM EXECUÇÃO;Irmãos Haddad Construtora Ltda.;07/11/2024;270 Dias;05/06/2025;R$ 3.481.298,00;R$ 2.299.440,97;66,05%
;DIRIM;SEEDUC;RIO DE JANEIRO;RIO DE JANEIRO;CENTRO;Metropolitana;LUIZ HENRIQUE FERREIRA BORGES ;7º DEPMAN - VOLTA REDONDA ;REFORMA;Estabilização de talude na Escola Municipal Professora Odette Terra Passos ;330003/002823/2024;ENCERRADA; Engeum Geologia E Engenharia Ltda.;30/10/2024;270 Dias;28/04/2025;R$ 5.199.940,06;R$ 5.162.273,88;99,28%
;DIRIM;SETUR;RIO DE JANEIRO;RIO DE JANEIRO;CENTRO;Metropolitana;GERALDO LUIZ OLIVEIRA DO VALE;10º DEPMAN - RIO DE JANEIRO ;REFORMA;Reforma e Restauração na Catedral Presbiteriana do Rio de Janeiro;330003/001927/2024;EM EXECUÇÃO;KROY SERVIÇOS LTDA;10/12/2024;870 Dias;29/04/2027;R$ 18.723.000,00;R$ 2.853.048,95;15,24%
;DIRIM;SEDSODH;RIO DE JANEIRO;RIO DE JANEIRO;REALENGO;Metropolitana;GERALDO LUIS OLIVEIRA DO VALE ;10º DEPMAN - RIO DE JANEIRO ;REFORMA;Reforma no Centro Social Pedro I – Fundação LXII;330003/001882/2024;SUSPENSO POR 90 DIAS ;BR CONSTRUÇÕES LTDA;09/12/2024;240 Dias  ;06/08/2025;R$ 940.350,00;R$ 667.588,62;70,99%
;DIRIM;SECC;RIO DE JANEIRO;RIO DE JANEIRO;IPANEMA;Metropolitana;GERALDO LUIS OLIVEIRA DO VALE ;10º DEPMAN - RIO DE JANEIRO ;REFORMA;Reforma com transformação de uso do Espaço Foyer no 2º subsolo da ONG - VIVA RIO ;330003/001437/2024;EM EXECUÇÃO;FÊNIX CONSTRUTORA LTDA ;17/12/2024;270 Dias;13/09/2025;R$ 495.707,69;R$ 469.160,22;94,64%
;DIRIM;SEPOL;RIO DE JANEIRO;RIO DE JANEIRO;MARECHAL HERMES;Metropolitana;MICHEL LEVY MARQUES DA SILVA;10º DEPMAN - RIO DE JANEIRO ;REFORMA;REFORMA GERAL DA 30ª DELEGACIA POLICIAL, LOCALIZADA NA RUA XAVIER CURADO, 1775, MARECHAL HERMES-RIO DE JANEIRO;330003/000393/2025;EM EXECUÇÃO;FÊNIX CONSTRUTORA LTDA ;09/12/2024;180 Dias;08/06/2025;R$ 1.864.157,07;R$ 1.845.947,83;99,02%
;DIRIM;SEDSODH;RIO DE JANEIRO;RIO DE JANEIRO;CENTRO;Metropolitana;GERALDO LUIS OLIVEIRA DO VALE ;10º DEPMAN - RIO DE JANEIRO ;REFORMA;INSTALAÇÃO DE COBERTURAS EM PONTOS ESTRATÉGICOS DE ACESSO AO  RESTAURANTE DO  POVO HERBERT DE SOUZA;330003/000024/2025;EM EXECUÇÃO;FB Chaves Construções Ltda;28/03/2025;270 Dias;23/12/2025;R$ 543.000,00;R$ 537.244,65;98,94%
;DIRIM;SEEDUC;RIO DE JANEIRO;ANGRA DOS REIS;VILA DO ABRAAO ;Metropolitana;  LUIZ HENRIQUE FERREIRA BORGES;10º DEPMAN - RIO DE JANEIRO ;REFORMA;ESTABILIZAÇÃO DE TALUDE A MONTANTE DO CE BRIGADEIRO NÓBREGA;330003/002619/2024;EM EXECUÇÃO;DRV ENGENHARIA EIRELI;27/02/2025;180 Dias;27/08/2025;R$ 11.807.608,44;R$ 7.950.250,43;67,33%
;DIRIM;SEPOL;RIO DE JANEIRO;RIO DE JANEIRO;CAMPO GRNADE;Metropolitana;  LUIZ HENRIQUE FERREIRA BORGES;10º DEPMAN - RIO DE JANEIRO ;REFORMA;CONSTRUÇÃO DA DEAM CAMPO GRANDE;170002/000970/2023;EM EXECUÇÃO;KADMA CONSTRUÇÕES LTDA;06/09/2023;365 Dias;05/09/2025;R$ 2.786.000,00;R$ 2.336.721,46;83,87%
;DIRIM;SEPOL;RIO DE JANEIRO;NOVA IGUAÇU;POSSE;Metropolitana;SILVANIA DO NASCIMENTO MOREIRA;8º DEPMAN - NOVA IGUAÇU;REFORMA;REFORMA DA ANTIGA 64 DP PARA IMPLEMENTAÇÃO DA DELEGACIA DE DESCOERTA DE PARADEIROS DDPA;330003/002371/2024;EM EXECUÇÃO;RSH SILVA CONSTRUÇÕES E REFORMAS EPP;07/04/2025;120 Dias;04/08/2025;R$ 539.970,85;R$ 309.387,69;57,30%
;DIRIM;SEPOL;RIO DE JANEIRO;NOVA IGUAÇU;POSSE;Metropolitana;JAILSON DOS SANTOS PARANHOS;8º DEPMAN - NOVA IGUAÇU;REFORMA;REFORMA PARCIAL DA 11ª DEAC - DELEGACIA DE ACERVO CARTORÁRIO;330003/002422/2024;EM EXECUÇÃO;CONSTRUTORA ARK LTDA;07/04/2025;180 Dias;03/10/2025;R$ 1.123.090,11;R$ 907.026,90;80,76%
;DIRIM;SEEDUC;RIO DE JANEIRO;SÃO JOÃO DE MERITI;CENTRO;Metropolitana;JAILSON DOS SANTOS PARANHOS;8º DEPMAN - NOVA IGUAÇU;REFORMA;ESTABILIZAÇÃO E DRENAGEM DE TALUDE NA E.M. BARÃO DO RIO BRANCO.;330003/000478/2025;EM EXECUÇÃO;LLX FERREIRA E SILVA CONSTRUÇÃO LTDA.;02/01/2025;90 Dias;01/04/2025;R$ 3.105.957,12;R$ 2.969.317,98;95,60%
;DIRIM;SEPOL;RIO DE JANEIRO;RIO DE JANEIRO;LEBLON;Metropolitana;GERALDO LUIS OLIVEIRA VALLE;10º DEPMAN - RIO DE JANEIRO ;REFORMA;REFORMA DELEGACIA ANTISSEQUESTRO - DAS;330003/002623/2024;EM EXECUÇÃO;IRMAOS HADDAD CONSTRUTORA EIRELI;01/04/2024;330 Dias;03/03/2025;R$ 2.317.000,00;R$ 448.444,95;19,35%
;DIRIM;RIOPREVIDÊNCIA;RIO DE JANEIRO;RIO DE JANEIRO;LAPA;Metropolitana;LUCAS BARCELOS DA SILVA ;10º DEPMAN - RIO DE JANEIRO ;REFORMA;REFORMA GERAL DO IMÓVEL RUA VISCONDE DE MARANGUAPE/LAPA - RIOPREVIDENCIA, LOCALIZADO NA RUA VISCONDE DE MARANGUAPE N° 21 (TRAVESSA MOSQUEIRO), LAPA, RIO DE JANEIRO, RJ. ;330003/002544/2024;EM EXECUÇÃO;FB CHAVES CONSTRUÇÕES LTDA ;17/03/2025;270 Dias;12/12/2025;R$ 1.330.155,00;R$ 1.214.924,77;91,34%
;DIRIM;DEGASE;RIO DE JANEIRO;RIO DE JANEIRO;LEOPOLDINA;Metropolitana;RODRIGO GONÇALVES MATIAS;10º DEPMAN - RIO DE JANEIRO ;REFORMA; ADEQUAÇÃO DAS EDIFICAÇÕES PARA IMPLANTAÇÃO DA UNIDADE DEGASE LEOPOLDINA/ANEXO CGA - SÃO CRISTÓVÃO;330003/002505/2024;EM EXECUÇÃO;KPG CONSTRUÇÕES LTDA.;19/03/2025;300 Dias;13/01/2026;R$ 4.560.000,00;R$ 1.699.902,59;37,28%
;DIRIM;DEGASE;RIO DE JANEIRO;DUQUE DE CAXIAS;SARAPUÍ;Metropolitana;SILVANIA DO NASCIMENTO MORE4IRA;8º DEPMAN - NOVA IGUAÇU;REFORMA;Construção de muro de divisa no Centro de Recursos Integrados de Atendimento ao Adolescente (CRIAAD DUQUE DE CAXIAS;330003/002007/2024;EM EXECUÇÃO;JGP CONSTRUÇÕES LTDA;10/04/2025;270 Dias;08/08/2025;R$ 1.723.000,00;R$ 745.416,94;43,26%
;DIRIM;SEHIS;RIO DE JANEIRO;RIO DE JANEIRO;RIO DE JANEIRO;Metropolitana;LUCAS BARCE4LOS DA SILVA;10º DEPMAN - RIO DE JANEIRO ;REFORMA;Reforma do conjunto Habitacional Cidade de Deus I;170002/002642/2022;EM EXECUÇÃO;MANU QUALITY;22/11/2024;11 MESES;22/10/2025;R$ 11.388.888,88;R$ 1.034.148,86;9,08%
;DIRIM;FUNARJ;RIO DE JANEIRO;RIO DE JANEIRO;NITERÓI;Metropolitana;LUIZ ANTONIO DACACHE;9º DEPMAN – NITERÓI;RESTAURAÇÃO;Restauração do Atelier no Museu Antonio Parreiras;330003/000167/2025;EM EXECUÇÃO;FENIX CONSTRUTORA ;07/05/2025;330 Dias;02/04/2026;R$ 5.069.000,00;R$ 1.273.611,62;25,13%
;DIRIM;ALERJ;RIO DE JANEIRO;SÃO GONÇALO;BOAÇU;Metropolitana;LUIZ ANTONIO DACACHE;9º DEPMAN – NITERÓI;REFORMA;Manutenção da Condição de Emergência e continuidade das obras de Contensão da Parôquia de Nsa. Sra. do Pilar ;330003/000544/2025;EM EXECUÇÃO;COMERCIAL DE EQUIPAMENTOS CNL DE SAO GON;13/05/2025;90 Dias;11/08/2026;R$ 3.255.165,35;R$ 3.255.165,25;1
;DIRIM;SEPM;RIO DE JANEIRO;RIO DE JANEIRO;ESTÁCIO;Metropolitana;Michel Levy da Silva;10º DEPMAN – RIO DE JANEIRO;REFORMA;Reforma e moderzinação da emergência do Hospital Central da Polícia Militar - HCPM.;330003/001949/2024;EM EXECUÇÃO;MPE ENGENHARIA E SERVIÇOS S/A.;04/11/2024;870 Dias;04/11/2026;R$ 31.090.000,00;R$ 175.540,47;0,56%
;DIRIM;ALERJ;RIO DE JANEIRO;SÃO JOÃO DE MERITI;JARDIM MERITI;Metropolitana;JAILSON DOS SANTOS PARANHOS;8º DEPMAN – NOVA IGUAÇU;REFORMA;Serviço de Contenção de Mure a Talude do Centro Pop;330003/000815/2025;EM EXECUÇÃO;LLX – Ferreira e Silva Construções Ltda – ME;07/04/2025;180 Dias;04/10/2025;R$ 5.525.199,04;R$ 1.942.482,48;35,16%
;DIRIM;SEPOL;RIO DE JANEIRO;RIO DE JANEIRO;CAMPINHO;Metropolitana;Luiz Henrique Ferreira Borges;10º DEPMAN – NOVA IGUAÇU;REFORMA; Reforma geral da 28ª Delegacia de Polícia em Campinho;330003/001945/2025;EM EXECUÇÃO;FB CHAVES CONSTRUÇÕES LTDA;08/07/2025;450 Dias;07/10/2026;R$ 2.427.320,00;R$ 461.575,28;19,02%
;DIRIM;SEPOL;RIO DE JANEIRO;SÃO JOÃO DE MERITI;JARDIM MERITI;Metropolitana;JAILSON DOS SANTOS PARANHOS;8º DEPMAN – NOVA IGUAÇU;REFORMA;Reforma da 12ª e 13ª Delegacias de Polícia de Acervo Cartorário - DEAC;330003/000676/2025;EM EXECUÇÃO;Anrx Engenharia e Soluções Ltda.;24/06/2025;240 Dias  ;24/02/2026;R$ 3.200.000,00;R$ 173.617,62;5,43%
;DIROB;CECIERJ;Rio de Janeiro;Paracambi;Bairro da Fábrica;Metropolitana;DIEGO;4ªCOOBRA;Obra;OBRAS DE EXECUÇÃO REFORMA PARCIAL COM MODIFICAÇÕES E ACRÉSCIMO DO POLO REGIONAL DE PARACAMBI, LOCALIZADO NA RUA SEBASTIÃO DE LACERDA, S/Nº, NO BAIRRO DA FÁBRICA, NO MUNICÍPIO DE PARACAMBI.;"SEI-170002/002373/2021 
SEI-260004/001283/2020                                                                                                                                                                                                                           ";Obra Concluída - inaugurada.;WTE Engenharia Eireli-EPP;09/12/2021;390;31/07/2025;1270000,22;1235100,47;0,972519887
;DIROB;DPGERJ;Rio de Janeiro;Rio de Janeiro;Santa Cruz;Metropolitana;DIEGO;4ªCOOBRA;Obra;OBRA PARA CONSTRUÇÃO DE SEDE OPERACIONAL DE SEDE OPERACIONAL DA DEFENSORIA PÚBLICA DO ESTADO DO RIO DE JANEIRO EM SANTA CRUZ, PRÉDIO SEDE, LOCALIZADO A RUA MEDEIROS E ALBUQUERQUE Nº 55 - SANTA CRUZ – MUNICÍPIO DO RIO DE JANEIRO/RJ;"SEI-170002/003179/2021
SEI-170002/002799/2021               ";Obra Concluída - inaugurada.;Cone Engª e Construção Civil Ltda;44600;853;45859;9192002,33;8741465,05;0,950985948
;DIROB;DPGERJ;Rio de Janeiro;Campos dos Goytacazes;Centro;Sudeste;GUILHERME;3ªCOOBRA;Obra;OBRA PARA CONSTRUÇÃO DE SEDE OPERACIONAL DA DEFENSORIA PÚBLICA DO ESTADO DO RIO DE JANEIRO EM CAMPOS DOS GOYTACAZES/RJ, PRÉDIO SEDE, LOCALIZADO A RUA ANTÔNIO JORGE YOUNG S/Nº - CENTRO – MUNICÍPIO DE CAMPOS DOS GOYTACAZES                                    ;"SEI-170002/003176/2021  
SEI-170002/002801/2021";"Obra Concluída.

Obra encontra-se em termo de Ajustes de Contas.";Cone Engª e Construção Civil Ltda;44596;892;45482;13414998,93;12188511,42;0,908573417
;DIROB;SEEDUC;Rio de Janeiro;Rio de Janeiro;Tijuca;Zona Norte;MARCUS;COOBRA;Obra;CONCLUSÃO DA REFORMA GERAL COM MODIFICAÇÃO - C.E. PAULO DE FRONTIN - CONCLUSÃO;E-17/002/327/2018;Obra Concluída - inaugurada.;CD Empreendimentos e Construções Ltda-EPP;44318;240;44469;6772396,24;3726881,3;0,550304673
;DIROB;SECC;Rio de Janeiro;Rio de Janeiro;Flamengo;Zona Sul;MARCUS;COOBRA;Obra;REFORMA PARCIAL DA EDIFICAÇÃO QUE ABRIGA A RESIDÊNCIA DO COMANDO GERAL DA POLÍCIA MILITAR DO ESTADO DO RIO DE JANEIRO;SEI-170002/001667/2020;Obra Concluída - inaugurada.;Irmãos Haddad Construtora EIRELI;44431;60;44520;377019,18;369996,18;0,9813723
;DIROB;SEEDUC;Rio de Janeiro;Rio de Janeiro;Cidade de Deus;Metropolitana;DIEGO;4ªCOOBRA;Obra;C.E. PEDRO ALEIXO/ C.E. DOM EUGÊNIO DE ARAÚJO SALLES - CIDADE DE DEUS;"SEI-170002/002458/2021
SEI-030029/002033/2021 ";Obra encontra-se em Suspensão Contratual pelo Término do Exercício de 2024 desde 30/12/2024.;Cone Engª e Construção Civil Ltda;44652;501;45535;7980000,43;4272131,28;0,535354768
;DIROB;SEPOL;Rio de Janeiro;Barra Mansa;Centro;Sul Fluminense;CARLOS EDUARDO;3ªCOOBRA;Obra;ESTIMATIVA DE CUSTO E PROJETO DE REFORMA DO RESTAURANTE CIDADÃO IRMÃ DULCE EM BARRA MANSA, IMÓVEL LOCALIZADO NA AV. DOMINGOS MARIANO, Nº 452, CENTRO, BARRA MANSA.;"SEI-170002/001094/2020
E-17/026/1893/2019                        ";"Obra concluída.

Ofício de Solicitação de recurso:
Of. EMOP/PRESI N°121 de 30/01/2023";Fênix Construtora Eireli;44878;318;45190;1617331,88;1608715,44;0,994672435
;DIROB;SEDSODH;Rio de Janeiro;Rio de Janeiro;Madureira;Metropolitana;DIEGO;4ªCOOBRA;Obra;RESTAURANTE POPULAR DE MADUREIRA - RESTAURANTE DO POVO TIA VICENTINA;"SEI-170002/003189/2021
SEI-310003/001740/2021 ";"Obra concluída.

Ofício de Solicitação de recurso:
Of. EMOP/PRESI N°121 de 30/01/2023";Construverde Construções e Serviços Eireli;44655;619;45513;2801733;2764706,51;0,986784433
;DIROB;SEPOL;Rio de Janeiro;Araruama;Centro;Baixada Litorânea;CARLOS EDUARDO;3ªCOOBRA;Obra;POSTO REGIONAL DE POLÍCIA TÉCNICA CIENTÍFICA - PRPTC DE ARARUAMA;SEI-170002/002096/2020;"Obra concluída.

Ofício de Solicitação de recurso:
Of. EMOP/PRESI N°116 de 30/01/2023";WL Construções e Projetos Eireli;44470;358;45190;2490000,83;2369283,23;0,951519052
;DIROB;SEPOL;Rio de Janeiro;Rio de Janeiro;Centro;Metropolitana;DIEGO;4ªCOOBRA;Obra;REFORMA GERAL COM MODIFICAÇÃO DE LAYOUT, REFORÇO/RECUPERAÇÃO ESTRUTURAL E CLIMATIZAÇÃO DO IMLAP (INSTITUTO MÉDICO LEGAL AFRÂNIO PEIXOTO), LOCALIZADO NA AVENIDA FRANCISCO BICALHO, Nº 300, CENTRO - R.J;"SEI-170002/002984/2021
SEI-170002/002765/2020";"Obra rescindida 12/03/2024 D.O.

Obra foi continuada com nova licitação no Processo SEI-330003/000798/2024";Irmãos Haddad Construtora Eireli;44683;348;45241;6355000,18;1882001,06;0,296144926
;DIROB;SEEDUC;Rio de Janeiro;Rio das Ostras;Village;Baixada Litorânea;GUILHERME;3ªCOOBRA;Obra;C.E. MAURÍCIO MEDEIROS DE ALVARENGA - RIO DA OSTRAS;"SEI-170002/003335/2021
SEI-170002/002547/2021";Obra encontra-se em Em andamento. Reiniciada em 21/03/2025;Scalle Constuções, Reformas e Instalações Ltda.;44735;422;46022;19717000,49;15324387,45;0,777216974
;DIROB;DEGASE;Rio de Janeiro;Volta Redonda;Roma I;Noroeste Fluminense;;;Obra;OBRA DE REPAROS GERAIS NO MÓDULO DE INTERNAÇÃO DEFINITIVA DO DEGASE - CENSE IRMÃ ASSUNCIÓN DE LA GANDARA USTARA, NO MUNICÍPIO DE VOLTA REDONDA;E-17/002/153/2018;"Obra Concluída.

Ofício de Solicitação de recurso:
Of. EMOP/PRESI N°113 de 27/01/2023
";Studio G . Construtora Ltda;43367;1548;44915;2332472,72;1066457,03;0,457221652
;DIROB;DEGASE;Rio de Janeiro;Volta Redonda;Roma I;Noroeste Fluminense;;;Obra;OBRA DE CONSTRUÇÃO DE MÓDULOS DE INTERNAÇÃO PROVISÓRIA DO DEGASE - CENSE IRMÃ ASSUNCION DE GANDARA USTRA - VOLTA REDONDA;E-17/002/294/2018;"Obra Concluída.

Ofício de Solicitação de recurso:
Of. EMOP/PRESI N°113 de 27/01/2023
";CD Empreendimentos e Construções Ltda - EPP;43367;1405;44772;4456307,28;4418764,29;0,991575314
;DIROB;SEIOP;Rio de Janeiro;Teresópolis;Alto;Serrana;DIEGO;4ªCOOBRA;Obra;REFORMA DA FEIRINHA, ESTAÇÃO DE ÔNIBUS, CORETO, MERCADO, PRAÇA DE ALIMENTAÇÃO E PÓRTICO -TERESÓPOLIS;"SEI-170002/000732/2022
SEI-170002/000562/2022";Obra encontra-se em Suspensão Contratual pelo Término do Exercício de 2024 desde 30/12/2024.;Midas Engenharia Ltda;44749;641;45657;12930001,5;8040125,36;0,621819368
;DIROB;SEIOP;Rio de Janeiro;Rio de Janeiro;Lins de Vasconcelos;Metropolitana;CARLOS EDUARDO;3ªCOOBRA;Obra;ELABORAÇÃO DE PROJETO E EXECUÇÃO DE OBRAS DE REFORMA DA QUADRA DA COTIA - LINS;"SEI-170002/001680/2022
SEI-170002/002782/2022";Obra Concluída - inaugurada.;Rio Tec Serviços de Manutenção Predial Ltda;44852;120;44972;664500;664499,92;0,99999988
;DIROB;SEIOP;Rio de Janeiro;Rio de Janeiro;Lins de Vasconcelos;Metropolitana;CARLOS EDUARDO;3ªCOOBRA;Obra;ELABORAÇÃO DE PROJETO E EXECUÇÃO DE OBRAS DE REFORMA DA QUADRA DA CACHOEIRINHA - LINS ;" SEI-170002/001680/2022
SEI-170002/002781/2022";Obra Concluída - inaugurada.;KPG Construções Ltda;44852;120;44972;793000;792999,88;0,999999849
;DIROB;SEIOP;Rio de Janeiro;Rio de Janeiro;Lins de Vasconcelos;Metropolitana;CARLOS EDUARDO;3ªCOOBRA;Obra;ELABORAÇÃO DE PROJETO E EXECUÇÃO DE OBRAS DE REFORMA DA QUADRA DO BARRO VERMELHO - LINS ;"SEI-170002/001680/2022
SEI-170002/002783/2022";Obra Concluída - inaugurada.;Rio Tec Serviços de Manutenção Predial Ltda;44852;120;44972;713450;713449,95;0,99999993
;DIROB;SEIOP;Rio de Janeiro;Rio de Janeiro;Lins de Vasconcelos;Metropolitana;CARLOS EDUARDO;3ªCOOBRA;Obra; ELABORAÇÃO DE PROJETO E EXECUÇÃO DE OBRAS DE REFORMA DA QUADRA DO GAMBÁ - LINS ;"SEI-170002/001680/2022
SEI-170002/002784/2022";Obra Concluída - inaugurada.;KPG Construções Ltda;44853;120;44973;794000;793999,89;0,999999861
;DIROB;SEIOP;Rio de Janeiro;Rio de Janeiro;Complexo do Lins de Vasconcelos;Metropolitana;CARLOS EDUARDO;3ªCOOBRA;Obra;EXECUÇÃO DE REFORMA NA QUADRA DO MORRO DO BARRO PRETO -  NO COMPLEXO DO LINS;"SEI-170026/003584/2021
SEI-170002/002433/2022";Obra Concluída - inaugurada.;Rio Tec Serviços de Manutenção Predial Ltda;44876;120;44996;1107150;1107149,96;0,999999964
;DIROB;SEIOP;Rio de Janeiro;Rio de Janeiro;Complexo do Lins de Vasconcelos;Metropolitana;CARLOS EDUARDO;3ªCOOBRA;Obra;EXECUÇÃO DE REFORMA NA QUADRA DO MORRO DO AMOR - NO COMPLEXO DO  LINS;"SEI-170026/003586/2021
SEI-170002/002433/2022";Obra Concluída - inaugurada.;Rio Tec Serviços de Manutenção Predial Ltda;44876;120;44996;693550;693549,94;0,999999913
;DIROB;SEIOP;Rio de Janeiro;Rio de Janeiro;Complexo do Lins de Vasconcelos;Metropolitana;CARLOS EDUARDO;3ªCOOBRA;Obra;EXECUÇÃO DE REFORMA NA QUADRA DO MORRO DO ENCONTRO - NO COMPLEO DO LINS;"SEI-170026/003580/2021
SEI-170002/002433/2022";Obra Concluída - inaugurada.;Rio Tec Serviços de Manutenção Predial Ltda;44876;120;44996;917450;917449,96;0,999999956
;DIROB;SEIOP;Rio de Janeiro;Rio de Janeiro;Complexo do Lins de Vasconcelos;Metropolitana;CARLOS EDUARDO;3ªCOOBRA;Obra;EXECUÇÃO DE REFORMA NA QUADRA DO MORRO DA CACHOEIRA GRANDE -NO COMPLEXO DO LINS;"SEI-170026/003588/2021
SEI-170002/002433/2022";Obra Concluída - inaugurada.;Rio Tec Serviços de Manutenção Predial Ltda;44876;120;44996;931750;931749,96;0,999999957
;DIROB;SEIOP;Rio de Janeiro;Rio de Janeiro;Complexo do Lins de Vasconcelos;Metropolitana;CARLOS EDUARDO;3ªCOOBRA;Obra;EXECUÇÃO DE REFORMA NA QUADRA DO MORRO DA BOCA DO MATO - NO COMPLEXO DO LINS;"SEI-170026/003589/2021
SEI-170002/002433/2022";Obra Concluída - inaugurada.;FB Chaves Construções Ltda ME.;44886;120;45006;628000;627999,94;0,999999904
;DIROB;SEIOP;Rio de Janeiro;Rio de Janeiro;Lins de Vasconcelos;Metropolitana;CARLOS EDUARDO;3ªCOOBRA;Obra;ELABORAÇÃO DE PROJETO E EXECUÇÃO DE OBRAS DE REFORMA DA QUADRA DA ARVORE SECA - LINS ;"SEI-170026/003583/2021
SEI-170002/002244/2022";Obra Concluída - inaugurada.;KPG Construções Ltda;44886;120;45006;455000;454999,94;0,999999868
;DIROB;SEPOL;Rio de Janeiro;Cabo Frio;São Cristovão;Baixada Litorânea;GUILHERME;3ªCOOBRA;Obra;EXECUÇÃO DE REFORMA GERAL COM MODIFICAÇÃO DO LAYOUT, PARA IMPLANTAÇÃO DO SERVIÇO MÉDICO LEGAL - PRPTC DE CABO FRIO;"SEI-170002/003186/2021
SEI-170002/001094/2020
SEI-170002/000510/2022";Obra encontra-se em Suspensão Contratual pelo Término do Exercício de 2024 desde 30/12/2024.;FTJ Engenharia Ltda;44888;478;45625;3010000;1286937,64;0,427554033
;DIROB;SEIOP;Rio de Janeiro;Laje de Muriaé;Centro;Noroeste Fluminense;GUILHERME;3ªCOOBRA;Obra;EXECUÇÃO DE OBRAS DE CONTENÇÃO DE TALUDE COM CORTINA ATIRANTADA EM LAJE DE MURIAÉ;"SEI-170026/003431/2021
SEI-170002/002126/2022";"Obra concluída.

Ofício de Solicitação de recurso:
Of. EMOP/PRESI N°257 de 08/03/2023";Viabrás Engenharia Eireli Epp;44881;535;45534;3189119,47;3176138,05;0,995929466
;DIROB;SEIOP;Rio de Janeiro;Carapebus;Oscar Brito;Norte Fluminense;DIEGO;4ªCOOBRA;Obra;CONSTRUÇÃO DO HOSPITAL MUNICIPAL DE CARAPEBUS;"SEI-170002/001382/2022                                        
SEI-170026/000837/2022";"Obra Rescindida

Ofício de Solicitação de recurso:
Of. EMOP/PRESI N°257 de 08/03/2023";Midas Engenharia  Ltda;44876;360;45236;17994870;693186,29;0,038521328
;DIROB;SEIOP;Rio de Janeiro;Varrre-Sai;Centro;Noroeste Fluminense;GUILHERME;3ªCOOBRA;Obra;OBRA DE REVITALIZAÇÃO DO HORTO MUNICIPAL DE VARRE-SAI ;"SEI-170026/003335/2021
SEI-170002/001865/2022";Obra encontra-se em Suspensão Contratual pelo Término do Exercício de 2024 desde 30/12/2024.;Terrapleno Terraplenagem e Construção Ltda.;44890;612;45596;5508620,05;5338297,31;0,969080688
;DIROB;SEPOL;Rio de Janeiro;Rio de Janeiro;Centro;Metropolitana ;DIEGO;4ªCOOBRA;Obra;REFORMA GERAL DO INSTITUTO DE CRIMINALÍSTICA CARLOS ÉBOLI - ICCE;"SEI-170002/002416/2022
SEI-360007/000158/2020";Obra encontra-se em Em andamento. Reiniciada em 24/03/2025;Irmãos Haddad Construtora Ltda;45111;787;45955;9347646,76;5443752,75;0,582366117
;DIROB;SEPOL;Rio de Janeiro;Rio de Janeiro;Campo Grande;Metropolitana ;DIEGO;4ªCOOBRA;Obra;CONSTRUÇÃO DA DELEGACIA DE ATENDIMENTO À MULHER (DEAM) DE CAMPO GRANDE;"SEI-170002/000970/2023
SEI-360036/000157/2020";Obra encontra-se atualmente sobre gerenciamento da DIRM.;Kadima Construções Ltda.;45203;438;45881;2786000,25;1266840,42;0,454716549
;DIROB;SEPOL;Rio de Janeiro;Rio de Janeiro;Lagoa;Metropolitana ;DIEGO;4ªCOOBRA;Obra;DEMOLIÇÃO DO PRÉDIO ADMINISTRATIVO E CONSTRUÇÃO DE UM NOVO HANGAR DO SERVIÇO AEROESPACIAL DO CORE;"SEI-330003/001145/2024
SEI-170002/002180/2022
SEI-360048/000069/2020";"Obra Rescindida, no dia 29/10/2024

Obra encontra-se em em andamento. Novo contrato reiniciada em 24/03/2025";Midas Engenharia Ltda;45609;329;46022;7472860,71;386111,69;0,051668525
;DIROB;SEPOL;Rio de Janeiro;Rio de Janeiro;Maria da Graça;Metropolitana ;DIEGO;4ªCOOBRA;Obra;CONSTRUÇÃO DE COBERTURA PARA AS VIATURAS NAS DEPENDÊNCIAS DO CORE;"SEI-330030/000214/2023
SEI-170002/000404/2023";"Obra Concluída.21/10/2024

Ofício de Solicitação de recurso:
Of. EMOP/PRESI N°1358 de 10/11/2023";FB Chaves Construções Ltda ME.;45280;231;45525;1439386,11;1417048,68;0,98448128
;DIROB;SEIOP;Rio de Janeiro;Rio de Janeiro;Estácio;Metropolitana;;;Obra;REFORMA DA QUADRA DO MORRO DE SÃO CARLOS;SEI-170002/000959/2022;Obra Concluída - inaugurada.;FB Chaves Construções Ltda ME.;44886;150;45036;637345;637344,85;0,999999765
;DIROB;SECC;Rio de Janeiro;Rio de Janeiro;Laranjeiras;Metropolitana;;;Obra;SERVIÇOS EMERGENCIAIS NA ÁREA DA BASE DA 1ª CIPM QUE PERTENCE AO PALÁCIO GUANABARA, SEDE OFICIAL DO GOVERNO DO ESTADO DO RIO DE JANEIRO;SEI-170002/000978/2023;Obra concluída.;DRV Engenharia;45063;151;45214;20539729;18794332,58;0,915023396
;DIROB;SECC;Rio de Janeiro;Rio de Janeiro;Laranjeiras;Metropolitana;CARLOS EDUARDO;3ªCOOBRA;Base;EXECUÇÃO DE DEMOLIÇÃO DE PRÉDIO ANEXO E NÃO TOMBADO NO PALÁCIO GUANABARA, LOCALIZADO NA RUA PINHEIRO MACHADO S/Nº, NO BAIRRO DE LARANJEIRAS, NO MUNICÍPIO DO RIO DE JANEIRO/RJ.;SEI-150001/004296/2023;"Obra Concluída.

Ofício de Solicitação de recurso:
Of. EMOP/PRESI N°14 de 27/02/2023
";FB Chaves Construções Ltda ME.;45216;120;45336;1371999,27;1315095,13;0,958524657
;DIROB;SECC;Rio de Janeiro;Rio de Janeiro;Jacarezinho;Metropolitana;DIEGO;4ªCOOBRA;Obra;DEMOLIÇÃO DAS EDIFICAÇÕES EXISTENTES NOS ANTIGOS LOTES 1 E 2 NO TERRENO NA G. E., LOCALIZADO NO BAIRRO DO JACAREZINHO - RJ;"SEI-150001/026457/2023
SEI-330030/000553/2023";"Obra concluída.

Termo de Recebimento Definitivo de Obra - 31/10/2024";FB Chaves Construções Ltda ME.;45392;150;45542;3885598,93;3872059,88;0,996515582
;DIROB;SEPOL;Rio de Janeiro;Rio de Janeiro;Centro;Metropolitana;DIEGO;4ªCOOBRA;Obra;CONTRATAÇÃO DA CONCLUSÃO DA REFORMA GERAL E CLIMATIZAÇÃO DO INSTITUTO MÉDICO LEGAL AFRÂNIO PEIXOTO - IMLAP - FASE 2, LOCALIZADO NA AVENIDA FRANCISCO BICALHO, Nº 300, CENTRO/RJ;"SEI-170002/001277/2023
SEI-330003/000798/2024";Obra encontra-se em Em andamento. Reiniciada em 20/03/2025;Irmãos Haddad Construtora EIRELI;45488;360;45925;12740000;10397203,25;0,816107005
;DIROB;DEGASE;Rio de Janeiro;Rio de Janeiro;Estrela do Norte;Metropolitana;GUILHERME;3ªCOOBRA;Obra;TRANSFORMAÇÃO DO CENTRO DE RECURSOS INTEGRADOS DE ATENDIMENTO AO ADOLESCENTE - CRIAAD EM CENTRO DE SOCIEDUCAÇÃO - CENSE SÃO GONÇALO, UNIDADE DO DEPARTAMENTO GERAL DE AÇÕES SOCIOEDUCATIVAS -DEGASE, LOCALIZADO NA RUA NILO PEÇANHA, S/N - ESTRELA DO NORTE - SÃO GONÇALO/RJ;"SEI-330003/000745/2024
SEI-170002/002978/2022";Obra encontra-se em Em andamento. Reiniciada em 02/04/2025;RR Fenix Tecnologia em Serviços Ltda;45555;300;45948;9200000;8006415,81;0,870262588
;DIROB;SEPM;Rio de Janeiro;Rio de Janeiro;Ramos;Metropolitana;DIEGO;4ªCOOBRA;Obra;CONSTRUÇÃO DE EDIFICAÇÃO PARA A DIVISÃO DE SAÚDE OPERACIONAL NO COMPLEXO DO COMANDO DE OPERAÇÕES ESPECIAIS - COE DA POLÍCIA MILITAR DO ESTADO DO RIO DE JANEIRO.;"SEI-330030/000313/2023
SEI-350060/000959/2021";Obra encontra-se em Em andamento. Reiniciada em 27/08/2025;FB Serviços e Comércios Ltda;45558;300;46088;8568000;1192529,19;0,139184079
;DIROB;SEIOP;Rio de Janeiro;Rio de Janeiro;Penha Circular;Metropolitana;GUILHERME;3ªCOOBRA;Obra;CONTRATAÇÃO DE EMPRESA ESPECIALIZADA NO RAMO DE ENGENHARIA, PARA EXECUÇÃO DA CONSTRUÇÃO DE COBERTURA QUADRA DE BASQUETEBOL E FUTSAL EXISTENTE NA CAMPO DA KELSON- CONJUNTO HABITACIONAL MARCÍLIO DIAS, NO MUNICÍPIO DO RIO DE JANEIRO/RJ.;"SEI-330003/001969/2024
SEI-330003/001680/2024";Obra Concluída - inaugurada.;ANRX Engenharia e Soluções Ltda;45604;180;45865;2235423,16;2185872,64;0,977833942
;DIROB;SEIOP;Rio de Janeiro;Rio de Janeiro;Laranjeiras;Metropolitana;DIEGO;4ªCOOBRA;Base;EXECUÇÃO DE PROJETOS EXECUTIVOS DE ARQUITETURA E COMPLEMENTARES DE ENGENHARIA, SEM FUGIR DA BASE SUBSCRITOS DOS PROJETOS JÁ EXISTENTES OBJETIVANDO A CONSTRUÇÃO DO CENTRO DE MÍDIA DO PALÁCIO GUANABARA, NO MUNICÍPIO DO RIO DE JANEIRO/RJ.;"SEI-330003/001160/2024
SEI-150001/005972/2023";Obra encontra-se em Em andamento. Reiniciada em 15/04/2025;MTF Construção e Manutenção Ltda;45580;90;45776;287000;235899,88;0,821950801
;DIROB;SEDSODH;Rio de Janeiro;Rio de Janeiro;Méier;Metropolitana;DIEGO;4ªCOOBRA;Base;CONTRATAÇÃO DE EMPRESA ESPECIALIZADA, PARA ELABORAÇÃO DE PROJETOS DO RESTAURANTE DO POVO JOSUÉ DE CASTRO, LOCALIZADO NA RUA 24 DE MAIO, 1261 / 1263, MÉIER, RJ;"SEI-330003/001458/2024
SEI-310003/005352/2023";Projeto Concluído;Home Arquitetura e Consultoria Ltda;45607;90;45790;79704,1;79703,85;0,999996863
;DIROB;DEGASE;Rio de Janeiro;Rio de Janeiro;Porto do Carro;Metropolitana;GUILHERME;3ªCOOBRA;Base;CONTRATAÇÃO DE EMPRESA ESPECIALIZADA NO RAMO DE ENGENHARIA, PARA A REFORMA COM ACRÉSCIMO PARA TRANSFORMAÇÃO DO CENTRO DE RECURSOS INTEGRADOS DE ATENDIMENTO AO ADOLESCENTE - CRIAAD EM CENTRO DE SOCIOEDUCAÇÃO - CENSE DE CABO FRIO, UNIDADE DO DEPARTAMENTO GERAL DE AÇÕES SOCIOEDUCATIVAS - DEGASE;"SEI-330003/001883/2024
SEI-030022/001565/2020";Obra encontra-se em Em andamento. Reiniciada em 07/05/2025;RR Fenix Tecnologia em Serviços Ltda;45653;300;46081;9900000;4935783,5;0,49856399
;DIROB;SEIOP;Rio de Janeiro;Rio de Janeiro;Laranjeiras;Metropolitana;DIEGO;4ªCOOBRA;Base;CONTRATAÇÃO DE EMPRESA ESPECIALIZADA NO RAMO DE ENGENHARIA, PARA EXECUÇÃO DE TAPUME DE VEDAÇÃO E PROTEÇÃO DA ÁREA DO CENTRO DE MÍDIA;SEI-330003/001298/2024;Obra Iniciada em 23/12/2024;FB Chaves Construções Ltda ME.;45649;30;45679;34804,7;33414,57;0,96005913
;DIROB;SEDSODH;Rio de Janeiro;Campos dos Goytacazes;Centro;Sudeste;GUILHERME;3ªCOOBRA;Base;EXECUÇÃO DE OBRAS PARA REFORMA DO RESTAURANTE LOCALIZADO NA RUA LACERDA SOBRINHO, N° 72, CENTRO, MUNICÍPIO DE CAMPOS DOS GOYTACAZES, VISANDO A REABERTURA DO RESTAURANTE POPULAR DE CAMPOS;"SEI-330003/002661/2024
SEI-310001/000491/2024";Obra Iniciada em 21/05/2025;EngeNorte Empreendimentos e Seviços Ltda;45798;120;45978;1880940;903983,42;0,480601944
;DIROB;SEDSODH;Rio de Janeiro;Rio de Janeiro;Méier;Metropolitana;DIEGO;4ªCOOBRA;Base;CONTRATAÇÃO DE EMPRESA ESPECIALIZADA, PARA REFORMA COM AMPLIAÇÃO DO RESTAURANTE DO POVO JOSUÉ DE CASTRO, LOCALIZADO NA RUA 24 DE MAIO, 1261 / 1263, MÉIER, RJ;"SEI-330003/000970/2025
SEI-310003/005352/2023";Obra Iniciada em 08/07/2025;Comercial de Equipamentos CNL LTDA;45846;300;46146;4972202,56;937600,48;0,18856844
;DIROB;SECC;Rio de Janeiro;Rio de Janeiro;Jacarezinho;Metropolitana;GUILHERME;3ªCOOBRA;Base;EXECUÇÃO DE OBRA DE URBANIZAÇÃO DO PARQUE URBANO LOCALIZADO NA ANTIGA FÁBRICA DA GENERAL ELETRICS - G.E. NA COMUNIDADE DO JACAREZINHO - ETAPA 1;"SEI-330003/000340/2025
SEI-330003/002498/2024";Obra Iniciada em 09/07/2025;Irmãos Haddad Construtora EIRELI;45847;300;46147;6790000;797621,6;0,117470044
;DIROB;SECC;Rio de Janeiro;Rio de Janeiro;Jacarezinho;Metropolitana;DIEGO;4ªCOOBRA;Base;CONTRATAÇÃO DE EMPRESA ESPECIALIZADA NO RAMO DE ENGENHARIA, PARA EXECUÇÃO DA 2ª ETAPA DA OBRA DE URBANIZAÇÃO DO PARQUE URBANO;"SEI-330003/000351/2025
SEI-150001/008856/2024";Obra Iniciada em 25/07/2025;Enge Prat Engenharia e Serviços Ltda;45863;540;46403;36147765,96;923179,75;0,025539054
;DIROB;SEAP;Rio de Janeiro;Rio de Janeiro;Bangu;Metropolitana;DIEGO;4ªCOOBRA;Base;EXECUÇÃO DE OBRAS PARA DEMOLIÇÃO PARCIAL DA UNIDADE INSTITUTO PENAL PLÁCIDO DE SÁ CARVALHO - SEAP-PC, SITUADA NO COMPLEXO PRISIONAL DE GERICINÓ E CONSTRUÇÃO DE CINTURÃO DE SEGURANÇA;"SEI-330003/001421/2025
SEI-210001/033830/2025";Obra Iniciada em 07/08/2025;FB Chaves Construções Ltda ME.;45876;240;46116;2488223;0;0
;DIROB;SEIOP;Rio de Janeiro;Rio de Janeiro;Méier;Metropolitana;GUILHERME;3ªCOOBRA;Base;CONTRATAÇÃO DE EMPRESA PARA ELABORAÇÃO DE PROJETO ? EXECUÇÃO DE REFORMA DA QUADRA POLIESPORTIVA COM INSTALAÇÃO DE COBERTURA METÁLICA E CONSTRUÇÃO DE SANITÁRIOS DA QUADRA DA JOAQUIM MEIER;"SEI-330003/001617/2025
SEI-170002/002454/2022";Obra Iniciada em 01/09/2025;ANRX Engenharia e Soluções Ltda;45901;120;46021;824484,8;0;0
;DIRPP;SECEC;Rio de Janeiro;Rio de Janeiro;R.VISCONDE DE MARANGUAPE, N.15 - LAPA;Metropolitana;;;Projetos;Execução das intervenções no Museu da Imagem e do Som - MIS LAPA;SEI-180007/003356/2022;Em elaboração de projetos;;;;;;;
;DIRPP;SEPOL;Rio de Janeiro;Três Rios;Avenida Castro Alves, nº 120;Centro Sul Fluminense;;;Projetos;Reforma para o Posto Regional de Polícia Técnico Científica de Três Rios (PRPTC-TR) situado na Avenida Castro Alves, nº 120;SEI-360275/000027/2023;Em elaboração de projetos;;;;;;;
;DIRPP;PREF. ITATIAIA;Rio de Janeiro;Itatiaia;Quadra 09, Loteamento Nova Penedo;Médio Paraíba;;;Projetos;Construção do Mercado do Produtor AgroRJ - Itatiaia, na Quadra 09, Loteamento Nova Penedo, ao lado do Portal de Penedo, no município de Itatiaia.;SEI-330003/000142/2024;Em elaboração de projetos;;;;;;;
;DIRPP;SECC;Rio de Janeiro;Rio de Janeiro;Jacarezinho;Metropolitana;;;Projetos;Execução dos serviços de Campanha de Investigação Geotécnica, referente ao Mercado Produtor Jacarezinho, localizado terreno da antiga Fábrica da GE.;SEI-150001/007978/2022;Em elaboração de projetos;;;;;;;
;DIRPP;RIOPREVIDÊNCIA;Rio de Janeiro;Rio de Janeiro;Centro;Metropolitana;;;Projetos;Contratação de empresa especializada na elaboração de projeto de refrigeração para a Sede da Rua da Alfândega, nº 08;SEI-040014/009018/2024;Em elaboração de projetos;;;;;;;
;DIRPP;SES;Rio de Janeiro;Paraíba do Sul;Limoeiro;Centro Sul Fluminense;;;Projetos;Obra no muro de contenção do Hospital de Traumatologia e Ortopedia Dona Lindu, localizado na Avenida das Nações – Limoeiro, município de Paraíba do Sul;SEI-120001/000998/2022;Em elaboração de projetos;;;;;;;
;DIRPP;SECC;Rio de Janeiro;Rio de Janeiro;Ipanema;Metropolitana;;;Projetos;Obras necessárias à recuperação das partes comuns do Imóvel da Ladeira Saint Roman, nº 100, Pavão/Pavãozinho-Cantagalo;SEI-150001/020638/2023;Em elaboração de projetos;;;;;;;
;DIRPP;EMOP/PAC;Rio de Janeiro;Cabo Frio;Cabo Frio;Baixadas Litorâneas;;;Projetos;Projeto de fundação referente à IMPLANTAÇÃO DO CEU DA CULTURA NO MUNICÍPIO DE CABO FRIO;SEI-330003/002059/2024;Em elaboração de projetos;;;;;;;
;DIRPP;EMOP/PAC;Rio de Janeiro;Seropédica;Seropédica;Metropolitana;;;Projetos;Projeto de fundação referente à IMPLANTAÇÃO DO CEU DA CULTURA NO MUNICÍPIO DE SEROPÉDICA;SEI-330003/002065/2024;Em elaboração de projetos;;;;;;;
;DIRPP;SECC;Rio de Janeiro;Rio de Janeiro;Centro;Metropolitana;;;Projetos;Projeto de restauração do imóvel situado na Rua Camerino, nº 07 e 09;SEI-140001/023466/2022;Em elaboração de projetos;;;;;;;
;DIRPP;DEGASE;Rio de Janeiro;Rio de Janeiro;Bonsucesso;Metropolitana;;;Projetos;Reforma com acréscimo para transformação do CRIAAD Bonsucesso em CENSE;SEI-170002/000949/2023;Em elaboração de projetos;;;;;;;
;DIRPP;EMOP/PAC;Rio de Janeiro;Casimiro de Abreu;Casimiro de Abreu;Baixadas Litorâneas;;;Projetos;CEU DA CULTURA no município de Casimiro de Abreu;SEI-330003/002085/2024;Em elaboração de projetos;;;;;;;
;DIRPP;EMOP/PAC;Rio de Janeiro;Macaé;Macaé;Norte Fluminense;;;Projetos;CEU DA CULTURA no município de Macaé;SEI-330003/002069/2024;Em elaboração de projetos;;;;;;;
;DIRPP;EMOP/PAC;Rio de Janeiro;Barra Mansa;Barra Mansa;Médio Paraíba;;;Projetos;IMPLANTAÇÃO DO CEU DA CULTURA NO MUNICÍPIO DE BARRA MANSA;SEI-330003/001967/2024;Em elaboração de projetos;;;;;;;
;DIRPP;SEEDUC;Rio de Janeiro;Nova Friburgo;Lumiar;Serrana;;;Projetos;Construção de uma Sala de aula, Sala de recursos e Banheiro adaptado no terreno onde funciona o Colégio Estadual Carlos Maria Marchon;SEI-030043/002822/2022;Em elaboração de projetos;;;;;;;
;DIRPP;EMOP/PAC;Rio de Janeiro;Angra dos Reis;Angra dos Reis;Costa Verde;;;Projetos;CEU DA CULTURA no município de Angra dos Reis;SEI-330003/002058/2024;Em elaboração de projetos;;;;;;;
;DIRPP;EMOP/PAC;Rio de Janeiro;Armação dos Búzios;Alto da Rasa;Baixadas Litorâneas;;;Projetos;CONSTRUÇÃO DO COLÉGIO ESTADUAL PROFESSORA FRANCISCA MARIA DE SOUZA, na Rua Ferreira Frecheiras (antiga Avenida do Canal), s/nº, Bairro Alto da Rasa, no município de Armação de Búzios;SEI-330003/002243/2024;Em elaboração de projetos;;;;;;;
;DIRPP;EMOP/PAC;Rio de Janeiro;Japeri;Japeri;Metropolitana;;;Projetos;IMPLANTAÇÃO DO CEU DA CULTURA NO MUNICÍPIO DE JAPERI;SEI-330003/002063/2024;Em elaboração de projetos;;;;;;;
;DIRPP;ALERJ;Rio de Janeiro;Rio de Janeiro;Maracanã;Metropolitana;;;Projetos;Reforma, reconstrução e revitalização do Estádio de Atletismo Jornalista Célio de Barros;SEI-330003/002391/2024;Em elaboração de projetos;;;;;;;
;DIRPP;EMOP/PAC;Rio de Janeiro;Rio de Janeiro;Santa Cruz;Metropolitana;;;Projetos;IMPLANTAÇÃO DO CEU DA CULTURA CESARÃO - Topografia;SEI-150001/009862/2024;Em elaboração de projetos;;;;;;;
;DIRPP;IPEM;Rio de Janeiro;Rio de Janeiro;Quintino Bocaiúva;Metropolitana;;;Projetos;Vistoria ao Instituto Estadual de Pesos e Medidas - IPEM-RJ, localizado na Rua Padre Manuel da Nóbrega, nº 539, bairro Quintino Bocaiúva;SEI-150014/001943/2024;Em elaboração de projetos;;;;;;;
;DIRPP;SECC;Rio de Janeiro;Itatiaia;Itatiaia;Médio Paraíba;;;Projetos;Elaboração de Projetos Executivos (Arquitetura e Complementares) para construção do Posto de Barreira Fiscal de Nhangapi, na Rodovia Presidente Dutra, km 330 (BR-116), no município de Itatiaia;SEI-150001/030567/2023;Em elaboração de projetos;;;;;;;
;DIRPP;DEGASE;Rio de Janeiro;Rio de Janeiro;Ilha do Governador;Metropolitana;;;Projetos;"Elaboração do projeto executivo para construção de galpão e reorganização do estacionamento do Setor de Transportes"" daquele DEGASE, sito na Estrada das Canárias, nº 569/Portão B, Galeãoi/Ilha do Governador";SEI-030022/000848/2023;Em elaboração de projetos;;;;;;;
;DIRPP;DEGASE;Rio de Janeiro;Teresópolis;Teresópolis;Serrana;;;Projetos;Elaboração do projeto executivo/construção de Centro de Treinamento, no espaço contíguo ao CRIAAD Teresópolis;SEI-030022/006285/2022;Em elaboração de projetos;;;;;;;
;DIRPP;SEEDUC;Rio de Janeiro;Belford Roxo;Sargento Rocalli;Metropolitana;;;Projetos;Execução dos serviços de campanha de investigação geotécnica na área de localização do CE Tenente Otávio Pinheiro (Brasil-Rússia), na Avenida Tenente Coronel José dos Santos Rodrigues, nº 70, bairro Sargento Roncalli, no município de Belford Roxo;SEI-030039/003245/2023;Em elaboração de projetos;;;;;;;
;DIRPP;RIOPREVIDÊNCIA;Rio de Janeiro;Rio de Janeiro;Centro;Metropolitana;;;Projetos;Contratação de projeto de incêndio e pânico para o imóvel do Fundo Único de Previdência Social do Estado do Rio de Janeiro -   RIOPREVIDÊNCIA na Rua da Quitanda, nº 106, no Centro ;SEI-040161/017760/2022;Em elaboração de projetos;;;;;;;
;DIRPP;FTM;Rio de Janeiro;Rio de Janeiro;Gamboa;Metropolitana;;;Projetos;Estudo Preliminar elaborado pelo Departamento de Projetos de Arquitetura - EMOP-RJ/DEPPRO, referente à reforma do imóvel conhecido como Fábrica de Espetáculos, localizado na Rua Silvino Montenegro, nº 1, bairro da Gamboa;SEI-180005/000180/2023;Em elaboração de projetos;;;;;;;
;DIRPP;EMOP/PAC;Rio de Janeiro;Macaé;Lagomar;Norte Fluminense;;;Projetos;Execução do serviço de campanha de investigação geotécnica, levantamento topográfico e projeto de fundações onde será implantado o equipamento CEU DA CULTURA no município de Macaé;SEI-330003/002069/2024;Em elaboração de projetos;;;;;;;
;DIRPP;SEPM;Rio de Janeiro;Niterói;Fonseca;Metropolitana;;;Projetos;Execução de levantamento topográfico cadastral do muro de divisa do Batalhão da Polícia Rodoviária - BPRV;SEI-350191/000615/2021;Em elaboração de projetos;;;;;;;
;DIRPP;RIOPREVIDÊNCIA;Rio de Janeiro;Rio de Janeiro;Centro;Metropolitana;;;Projetos;Elaboração de projetos básico e executivo de ar condicionado para o prédio Sede do Fundo Único de Previdência Social - RIOPREVIDÊNCIA;SEI-040014/009018/2024;Em elaboração de projetos;;;;;;;
;DIRPP;SECC;Rio de Janeiro;Rio de Janeiro;Ipanema;Metropolitana;;;Projetos;Reforma da quadra e praça no Complexo do Pavão-Pavãozinho-Cantagalo (Rua Olegário Mariano, s/nº).;SEI-150001/017075/2022;Em elaboração de projetos;;;;;;;
;DIRPP;EMOP/PAC;Rio de Janeiro;Cabo Frio;Jardim Balneário;Baixadas Litorâneas;;;Projetos;Execução do serviço de campanha de investigação geotécnica, levantamento topográfico e projeto de fundações onde será implantado o equipamento CEU DA CULTURA no município de Cabo Frio;SEI-330003/002059/2024;Em elaboração de projetos;;;;;;;
;DIRPP;RIOPREVIDÊNCIA;Rio de Janeiro;Rio de Janeiro;Centro;Metropolitana;;;Projetos; Elaboração de projeto básico e executivo de segurança contra incêndio e pânico para o imóvel do Fundo Único de Previdência Social do Estado do Rio de Janeiro - RIOPREVIDÊNCIA;SEI-040161/017760/2022;Em elaboração de projetos;;;;;;;
;DIRPP;SEEDUC;Rio de Janeiro;São João de Meriti;;Metropolitana;;;Projetos;CIEP 016 - Abílio Henrique Correia;E-03/029/1062/2019;Em elaboração de projetos;;;;;;;
;DIRPP;SECC;Rio de Janeiro;Rio de Janeiro;Ipanema;Metropolitana;;;Projetos;Elaborar uma Prévia de Orçamento para solução quanto à escadaria situada na 5ª estação do plano inclinado, na Comunidade do Pavão - Pavãozinho e Cantagalo;SEI-150001/006754/2024;Em elaboração de projetos;;;;;;;
;DIRPP;EMOP/PAC;Rio de Janeiro;Angra dos Reis;Frade;Costa Verde;;;Projetos;Execução do serviço de campanha de investigação geotécnica, levantamento topográfico e projeto de fundações onde será implantado o equipamento CEU DA CULTURA no município de ANGRA DOS REIS;SEI-330003/002058/2024;Em elaboração de projetos;;;;;;;
;DIRPP;EMOP/PAC;Rio de Janeiro;São Gonçalo;Trindade;Metropolitana;;;Projetos; IMPLANTAÇÃO DO CEU DA CULTURA NO MUNICÍPIO DE SÃO GONÇALO;SEI-330003/001966/2024;Em elaboração de projetos;;;;;;;
;DIRPP;EMOP/PAC;Rio de Janeiro;Campos dos Goytacazes;Farol de São Tomé;Norte Fluminense;;;Projetos; IMPLANTAÇÃO DO CEU DA CULTURA NO MUNICÍPIO DE CAMPOS DOS GOYTACAZES;SEI-330003/001968/2024;Em elaboração de projetos;;;;;;;
;DIRPP;EMOP/PAC;Rio de Janeiro;Queimados;Estrada das Piabas;Metropolitana;;;Projetos; IMPLANTAÇÃO DO CEU DA CULTURA NO MUNICÍPIO DE QUEIMADOS;SEI-330003/001988/2024;Em elaboração de projetos;;;;;;;
;DIRPP;SECC;Rio de Janeiro;Rio de Janeiro;Laranjeiras;Metropolitana;;;Projetos;Intervenções do Prédio da Coordenadoria de Transportes da Secretaria de Estado da Casa Civil;SEI-150001/004731/2021;Em elaboração de projetos;;;;;;;
;DIRPP;EMOP/PAC;Rio de Janeiro;São João da Barra;Atafona;Norte Fluminense;;;Projetos; IMPLANTAÇÃO DO CEU DA CULTURA NO MUNICÍPIO DE SÃO JOÃO DA BARRA;SEI-330003/002064/2024;Em elaboração de projetos;;;;;;;
;DIRPP;SECC;Rio de Janeiro;Rio de Janeiro;Jacarezinho;Metropolitana;;;Projetos;Mercado Produtor que será construído futuramente no terreno da antiga fábrica da GE, na Comunidade do Jacarezinho.;SEI-150001/007978/2022;Em elaboração de projetos;;;;;;;
;DIRPP;SEAPPA;Rio de Janeiro;Pinheiral;Centro;Médio Paraíba;;;Projetos;Elaboração de projetos e execução de obras para implantação do Mercado do Produtor AgroRJ - Pinheiral;SEI-020007/003391/2021;Em elaboração de projetos;;;;;;;
;DIRPP;SEEDUC;Rio de Janeiro;São Fidélis;Ipuca;Norte Fluminense;;;Projetos;Realização de vistoria no CE Euvídio Costa (Rua São Sebastião, nº 179, Bairro Ipuca, no município de São Fidélis), para verificação das condições estruturais da unidade escolar;SEI-030001/061189/2024;Em elaboração de projetos;;;;;;;
;DIRPP;SEPOL;Rio de Janeiro;Rio de Janeiro;Centro;Metropolitana;;;Projetos;Manutenção Corretiva e Preventiva dos Elevadores das Unidade (IMLAP e ICCE) pelo período de 12 meses.;SEI-360017/000183/2025;Em elaboração de projetos;;;;;;;
;DIRPP;SEDEC;Rio de Janeiro;Rio de Janeiro;Maracanã;Metropolitana;;;Projetos;Vistoria pelo Corpo Técnico da EMOP-RJ, no prédio da Universidade do Estado do Rio de Janeiro - UERJ;SEI-270001/000054/2025;Em elaboração de projetos;;;;;;;
;DIRPP;SEEDUC;Rio de Janeiro;São Gonçalo;Rio do Ouro;Metropolitana;;;Projetos;Ampliação e adequação dos ambientes desejados para acréscimo de 03 salas de aula no C.E Frederico Ozanam, localizado na Estrada Ipiíba, nº 5090, Bairro Rio do Ouro no município de São Gonçalo, de modo a viabilizar ampliação na oferta de vagas;SEI-030001/107205/2024;Em elaboração de projetos;;;;;;;
;DIRPP;SECC;Rio de Janeiro;Rio de Janeiro;Botafogo;Metropolitana;;;Projetos;Arquivo público do Estado do Rio de Janeiro;SEI-150010/000002/2025;Em elaboração de projetos;;;;;;;
;DIRPP;FUNARJ;Rio de Janeiro;Rio de Janeiro;Meier;Metropolitana;;;Projetos;Centro Cultural João Nogueira - Imperator;SEI-180002/000867/2025;Em elaboração de projetos;;;;;;;
;DIRPP;PMR;Rio de Janeiro;Resende;Jardim Jalisco;Médio Paraíba;;;Projetos;Obra de reforma e ampliação para implantação do Hospital Oncológico de Resende;SEI-330003/000888/2025;Em elaboração de projetos;;;;;;;
;DIRPP;PMDC;Rio de Janeiro;Duque de Caxias;Jardim Anhangá;Metropolitana;;;Projetos;Construção da Casa do Autista no município de Duque de Caxias;SEI-150001/004868/2025;Em elaboração de projetos;;;;;;;
;DIRPP;DEGASE;Rio de Janeiro;Rio de Janeiro;Ilha do Governador;Metropolitana;;;Projetos;Execução de obras de pavimentação e drenagem no DEGASE - Complexo Administrativo;SEI-170002/006043/2019;Em elaboração de projetos;;;;;;;
;DIRPP;SECC;Rio de Janeiro;Iguaba Grande;Iguaba Grande;Baixadas Litorâneas;;;Projetos;Construção da Casa do Autista no município de Iguaba Grande;SEI-150001/004835/2025;Em elaboração de projetos;;;;;;;
;DIRPP;FAETEC;Rio de Janeiro;Rio de Janeiro;Centro;Metropolitana;;;Projetos;Elaboração de projeto estutural, no anexo da Escola Técnica Estadual de Teatro Mantins Pena- ETETMP/FAETEC, localizada na Rua Vinte de abril nº14, Centro, Rio de Janeiro;SEI-330003/000917/2025;Em elaboração de projetos;;;;;;;
;DIRPP;PMSJM;Rio de Janeiro;São João de Meriti;São João de Meriti;Metropolitana;;;Projetos;"Execução dos serviços de levantamento topográfico planialtimétrico de todo o referido município afim de colher elementos que ensejarão diversas melhorias no ""Planejamento Urbano e Rural"", na ""Gestão Ambiental"", na ""Regularização Fundiária"", no ""Cadastro Técnico Multifinalitário"" e no ""Desenvolvimento Econômico"" da região";SEI-330003/000590/2025;Em elaboração de projetos;;;;;;;
;DIRPP;SECC;Rio de Janeiro;Rio de Janeiro;Rio das Pedras;Metropolitana;;;Projetos;Implantação do Equipamento CONVIVE RIO DAS PEDRAS;SEI-150001/009861/2024;Em elaboração de projetos;;;;;;;
;DIRPP;SEEDUC;Rio de Janeiro;Bom Jardim;Banquete;Serrana;;;Projetos;Realização dos serviços de Campanha de Investigação Geotécnica (Sondagem) no CE Doutor Péricles Correa da Rocha;SEI-170002/001824/2022;Em elaboração de projetos;;;;;;;
;DIRPP;SEEDUC;Rio de Janeiro;Seropédica;Dom Bosco;Metropolitana;;;Projetos;Realização dos serviços de Campanha de Investigação Geotécnica (Sondagem) no C.E Barão de Tefé;SEI-170002/001823/2022;Em elaboração de projetos;;;;;;;
;DIRPP;SEAP;Rio de Janeiro;Rio de Janeiro;Gericinó;Metropolitana;;;Projetos;Intervenções necessárias à recuperação estrutural do Hospital Penal Psiquiátrico Roberto Medeiros;SEI-210045/000397/2021;Em elaboração de projetos;;;;;;;
;DIRPP;SECC;Rio de Janeiro;Rio de Janeiro; Comunidade Pavão-Pavãozinho-Cantagalo;Metropolitana;;;Projetos;Escadaria metálica de acesso ao Auditório da ONG Solar Meninos de Luz;SEI-150001/003437/2025;Em elaboração de projetos;;;;;;;
;DIRPP;ALERJ;Rio de Janeiro;São João de Meriti;Parque Eden;Metropolitana;;;Projetos;Execução de levantamento topográfico para a construção do espaço de convivência familiar na Rua Nilópolis ,85 -Parque Eden, São João de Meriti -RJ;SEI-330003/001392/2025;Em elaboração de projetos;;;;;;;
;DIRPP;ALERJ;Rio de Janeiro;Nova Iguaçu;Parque Eden;Metropolitana;;;Projetos;Execução de levantamento topográfico que viabilizará a implantação de Campo de Grama Sintética na Rua José Dias Valente, nº 84, bairro Ponto Chic no município de Nova Iguaçu;SEI-330003/001314/2025;Em elaboração de projetos;;;;;;;
;DIRPP;SECC;Rio de Janeiro;Niterói;Centro;Metropolitana;;;Projetos;Elaboração de projeto básico de arquitetura para restauração/paisagismo, inclusive aprovações  para recuperação do Palacete São Domingos, localizado na Rua Marechal Deodoro, nº 30, no Centro do município de Niterói;SEI-150001/006508/2025;Em elaboração de projetos;;;;;;;
;DIRPP;SECEC;Rio de Janeiro;Rio de Janeiro;Manguinhos;Metropolitana;;;Projetos;Reforma da Igreja São Daniel Profeta, localizada na Rua Maranhão, nº 1 - 43, bairro Manguinhos, neste município;SEI-180007/001471/2021;Em elaboração de projetos;;;;;;;
;DIRPP;PAC;Rio de Janeiro;Rio de Janeiro;Marechal Hermes;Metropolitana;;;Projetos;Referente à construção de Escola em tempo Integral Ângela Maria (Rua Xavier Curado, nº 1.705, bairro de Marechal Hermes, neste município);SEI-330003/002434/2024;Em elaboração de projetos;;;;;;;
;DIRPP;SECC;Rio de Janeiro;Mangaratiba;Praia do Saco;Costa Verde;;;Projetos;Construção da Casa do Autista no município de Mangaratiba;SEI-150001/007942/2025;Em elaboração de projetos;;;;;;;
;DIRPP;FLXIII;Rio de Janeiro;Rio de Janeiro;Pedra de Guaratiba;Metropolitana;;;Projetos;"Instalação de um Centro de Convivência na Unidade da Fundação Leão XIII de ANTARES, localizada na Rua da Matriz S/N - Pedra de Guaratiba"",";SEI-310003/000729/2025;Em elaboração de projetos;;;;;;;
;DIRPP;SEPLAG;Rio de Janeiro;Rio de Janeiro;Tanque;Metropolitana;;;Projetos;Apuração da notícia de abandono de imóvel público localizado na Rua Geremário Dantas, nº 48, Tanque, município de Rio de Janeiro;SEI-120002/000177/2023;Em elaboração de projetos;;;;;;;
;DIRPP;SECC;Rio de Janeiro;Duque de Caxias;Jardim Anhangá;Metropolitana;;;Projetos;Construção da Casa do Autista no município de Duque de Caxias;SEI-150001/004865/2025;Em elaboração de projetos;;;;;;;
;DIRPP;SECC;Rio de Janeiro;Iguaba Grande;Parque Alvorada;Baixadas Litorâneas;;;Projetos;Construção da Casa do Autista no município de Iguaba Grande;SEI-150001/004835/2025;Em elaboração de projetos;;;;;;;
;DIRPP;SEEDUC;Rio de Janeiro;Nova Iguaçu;Comendador Soares;Metropolitana;;;Projetos;Execução de obras de reforma com modificações e acréscimo no Colégio Estadual Natividade Patrício Nunes, localizado na Rua Luis Silva, nº 820, Comendador Soares, no município de Nova Iguaçu;SEI-330003/001062/2024;Em elaboração de projetos;;;;;;;
;DIRPP;ALERJ;Rio de Janeiro;Rio de Janeiro;Jardim Sulacap;Metropolitana;;;Projetos;Construção de Espaço Público de Convivência Comunitária na Associação  dos Moradores Rochedo dos Caravelas  (AMORC), localizada na Avenida Carlos Pontes, n° 350, Jardim Sulacap, Rio de Janeiro;SEI-330003/001393/2025;Em elaboração de projetos;;;;;;;
;DIRPP;RIOPREVIDÊNCIA;Rio de Janeiro;Rio de Janeiro;Centro;Metropolitana;;;Projetos;Vistoria para avaliação estrutural e elaboração de relatório técnico no Imóvel da Rua Buenos Aires, nº 319, no Centro deste município;SEI-040014/036726/2025;Em elaboração de projetos;;;;;;;
;DIRPP;SEEDUC;Rio de Janeiro;Rio de Janeiro;Bangu;Metropolitana;;;Projetos;Construção de um Auditório e uma Sala de Jogos no terreno onde funciona o CIEP 386 – Guilherme da Silveira Filho, situado na Rua do Limão - Conjunto João Saldanha, s/nº, Bangu, município do Rio de Janeiro;SEI-030001/077743/2024;Em elaboração de projetos;;;;;;;
;DIRPP;ALERJ;Rio de Janeiro;Nova Iguaçu;Jardim Palmares;Metropolitana;;;Projetos;Serviços de Levantamento Topográfico, CONSTRUÇÃO DE UMA PRAÇA'' no bairro JARDIM PALMARES, no terreno ao lado do CIEP 026 - São Vicente de Paula,localizado no Município de Nova Iguaçu;SEI-400001/000315/2025;Em elaboração de projetos;;;;;;;
;DIRPP;SECC;Rio de Janeiro;Rio de Janeiro;Jacarepagua;Metropolitana;;;Projetos;Vistoria para avaliação estrutural no prédio Ordem de Malta na Estrada do Itanhangá, nº 270, Comunidade Sítio do Pai João, Jacarepaguá/RJ;SEI-150001/016902/2023;Em elaboração de projetos;;;;;;;
;DIRPP;Presfeitura;Rio de Janeiro;Valença;Divesos;Médio Paraíba;;;Projetos;Serviço de sondagem em diversos localidades - Municipio de Valença;SEI-330003/001485/2025;Em elaboração de projetos;;;;;;;
;DIRPP;SEEDUC;Rio de Janeiro;Rio de Janeiro;São Cristovão;Metropolitana;;;Projetos;Projeto de Reforma Geral com Ampliação e Implementação de Acessibilidade no Colégio Estadual CE Olavo Bilac, unidade da SEEDUC localizada na Praça Argentina, nº 19, São Cristóvão, município do Rio de Janeiro;SEI-170002/000069/2023;Em elaboração de projetos;;;;;;;
;DIRPP;SECC;Rio de Janeiro;Rio de Janeiro;Jacarepagua;Metropolitana;;;Projetos;Vistoria conjunta com a equipe da SUPACI no imóvel localizado na Avenida Geremário Dantas, nº 48, Tanque, Jacarepaguá, no município do Rio de Janeiro;SEI-120002/000177/2023;Em elaboração de projetos;;;;;;;
;DIRPP;SEEDUC;Rio de Janeiro;Petrópolis;Cascatinha;Metropolitana;;;Projetos;Obra no CIEP Brizolao 474 Maestro Guerra Peixe - Municipalizado, situado na Rua Bernardo Proença, nº 809, Cascatinha, município de Petrópolis.;SEI-030029/010499/2022;Em elaboração de projetos;;;;;;;
;DIRPP;MPRJ;Rio de Janeiro;Miguel Pereira;Lago Javary;Centro Sul Fluminense;;;Projetos;Projeto do Município de Miguel Pereira relativo à barragem do Lago Javary;SEI-330003/001574/2025;Em elaboração de projetos;;;;;;;
;DIRPP;SUDERJ;Rio de Janeiro;Rio de Janeiro;Rocinha;Metropolitana;;;Projetos;Construção de Escola de Dança no Complexo da Rocinha, na Rua Berta Lutz, nº 84, bairro da Rocinha;SEI-300002/000210/2025;Em elaboração de projetos;;;;;;;
;DIRPP;SECC;Rio de Janeiro;Niterói;Centro;Metropolitana;;;Projetos;Elaboração de projeto básico de arquitetura para restauração/paisagismo, inclusive aprovações  para recuperação do Palacete São Domingos, localizado na Rua Marechal Deodoro, nº 30, no Centro do município de Niterói;SEI-150001/006508/2025;Em elaboração de projetos;;;;;;;
;DIRPP;SECC;Rio de Janeiro;Rio de Janeiro;Pavão - Pavãozinho e Cantagalo.;Metropolitana;;;Projetos;Realização de intervenções pontuais em relação a escada de ferro e as áreas comuns, no imóvel denominado Casarão, situado na Ladeira Saint Roman, de propriedade do Governo do Estado e que foi reformado durante as obras do PAC 1 no Pavão - Pavãozinho e Cantagalo.;SEI-150001/005443/2024;Em elaboração de projetos;;;;;;;
;DIRPP;SECC;Rio de Janeiro;Rio de Janeiro;Jacarezinho;Metropolitana;;;Projetos;Elaboração do projeto executivo de contenção no terreno da antiga fábrica da GE na Comunidade de Jacarezinho, onde será construído o Batalhão da Polícia Militar;SEI-150001/011135/2022;Em elaboração de projetos;;;;;;;
;DIRPP;SEEDUC;Rio de Janeiro;Nova Iguaçu;Rosa dos Ventos;Metropolitana;;;Projetos;"""Reforço estrutural no pilar de sustentação de caixa d'água"" no Colegio Estadual Professora Evangelina Soares de Moura";SEI-030001/064055/2025;Em elaboração de projetos;;;;;;;
;DIRPP;Prefeitura;Rio de Janeiro;São João de Meriti;Éden;Metropolitana;;;Projetos;"Realização do ""levantamento topográfico planialtimétrico e cadastral' e execução da ""campanha de investigação geotécnica (sodagem)"" que viabilizará a elaboração do projeto de recuperação do muro de contenção na Fábrica de Manilhas do Município de São João de Meriti, localizada entre a Rua Silveira Martins e a Avenida Presidente Kennedy, no município de São João de Meriti";SEI-330003/001217/2025;Em elaboração de projetos;;;;;;;
;DIRPP;SECEC;Rio de Janeiro;Valença;Praça Padre Gomes Leal;Médio Paraíba;;;Projetos;"""Vistoria, laudos e diligências cabíveis para o Colégio Estadual Benjamim Guimarães, bem tombado pelo Estado, situado no centro histórico de Valença";SEI-180001/002564/2025;Em elaboração de projetos;;;;;;;
;DIRPP;SECEC;Rio de Janeiro;Guapimirim;Parque Nossa Senhora D'ajuda;Metropolitana;;;Projetos; Recuperação da Igreja de Nossa Senhora D'ajuda, localizada na Avenida D'ajuda (antiga Rua 3), lotes 2, 30 e 31, bairro Parque Nossa Senhora D'ajuda, no município de Guapimirim;SEI-180007/002239/2020;Em elaboração de projetos;;;;;;;
;DIRPP;RIOPREVIDÊNCIA;Rio de Janeiro;Rio de Janeiro;Centro;Metropolitana;;;Projetos; Realização de vistoria estrutural no imóvel localizado à Rua Buenos Aires, nº 319, Centro, Rio de Janeiro/RJ;SEI-040014/036726/2025;Em elaboração de projetos;;;;;;;
;DIRPP;RIOPREVIDÊNCIA;Rio de Janeiro;Rio de Janeiro;Centro;Metropolitana;;;Projetos;Realização de vistoria estrutural, com urgência, no imóvel localizado à R. Senador Pompeu, nº 169, Centro, Rio de Janeiro/RJ;SEI-040014/037245/2025;Em elaboração de projetos;;;;;;;
;DIRPP;SUDERJ;Rio de Janeiro;Rio de Janeiro;Rocinha;Metropolitana;;;Projetos;Construção de Escola de Dança no Complexo da Rocinha, na Rua Berta Lutz, nº 84, bairro da Rocinha;SEI-300002/000210/2025;Em elaboração de projetos;;;;;;;
;DIRPP;SECC;Rio de Janeiro;Casimiro de Abreu;;Baixadas Litorâneas;;;Projetos;Construção da Casa do Autista do Município de Casimiro de Abreu;SEI-150001/008554/2025;Em elaboração de projetos;;;;;;;
;DIRPP;SEEDUC;Rio de Janeiro;Rio de Janeiro;Pedra de Guaratiba;Metropolitana;;;Projetos;Reforma geral com modificações e acréscimo na edificação onde funciona o Colégio Estadual Deborah Mendes de Moraes, unidade da SEEDUC localizada na Rua Belchior da Fonseca, nº 743, bairro de Pedra de Guaratiba, no município do Rio de Janeiro;SEI-170002/001199/2023;Em elaboração de projetos;;;;;;;
;DIRPP;SEEDUC;Rio de Janeiro;Petrópolis;Bingen;Metropolitana;;;Projetos;Reforma geral e estudo geotécnico de estabilidade/projeto de contenção da encosta do C.E. Cardoso Fontes, localizado em Petrópolis;SEI-030029/014091/2022;Em elaboração de projetos;;;;;;;
;DIRPP;SETRAB;Rio de Janeiro;Nova Iguaçu;São Vicente de Paula;Metropolitana;;;Projetos;CONSTRUÇÃO DE UMA PRAÇA'' no bairro JARDIM PALMARES, no terreno ao lado do CIEP 026 - São Vicente de Paula,localizado no Município de Nova Iguaçu.;SEI-400001/000315/2025;Em elaboração de projetos;;;;;;;
